,portfolio_n,asset,price_bop,price_eop,proportion,returns
0,1,ALPACABTC,0.00001566,0.00001567,0.01467608483556244,
1,1,MDXBTC,0.00002289,0.00002285,0.25236664887301913,
2,1,CAKEBTC,0.00033130,0.00033090,0.0187619208448772,
3,1,REEFBTC,0.00000040,0.00000039,0.29033552653815,
4,1,GOBTC,0.00000056,0.00000056,0.018617221834373143,
5,1,NASBTC,0.00000670,0.00000660,0.04745603229721585,
6,1,QLCBTC,0.00000058,0.00000057,0.019076614928094697,
7,1,XVGBTC,0.00000042,0.00000041,0.28995620176314046,
8,1,FUNBTC,0.00000036,0.00000035,0.011296049236395772,
9,1,QTUMBTC,0.00021720,0.00021730,0.03745769884917142,
10,2,ALPACABTC,0.00001570,0.00001553,0.01467608483556244,
11,2,MDXBTC,0.00002294,0.00002252,0.0024200760248856736,
12,2,CAKEBTC,0.00033230,0.00033130,0.0187619208448772,
13,2,REEFBTC,0.00000040,0.00000038,0.06386161013963697,
14,2,GOBTC,0.00000057,0.00000055,0.018617221834373143,
15,2,NASBTC,0.00000670,0.00000650,0.0003236970245204398,
16,2,QLCBTC,0.00000058,0.00000055,0.013083931613952547,
17,2,XVGBTC,0.00000042,0.00000041,0.07376431392448099,
18,2,FUNBTC,0.00000036,0.00000034,0.02665152783171213,
19,2,QTUMBTC,0.00021850,0.00021460,0.03745769884917142,
20,2,C98BTC,0.00006158,0.00005957,0.003916862729248336,
21,2,LINABTC,0.00000087,0.00000084,0.16166911339894063,
22,2,STMXBTC,0.00000054,0.00000052,0.02407545539283763,
23,2,TCTBTC,0.00000054,0.00000052,0.06697290998784419,
24,2,PHBBTC,0.00000017,0.00000016,0.21610497652912075,
25,2,QKCBTC,0.00000055,0.00000051,0.13410053887540463,
26,2,CNDBTC,0.00000028,0.00000027,0.006087293903198116,
27,2,VIBBTC,0.00000093,0.00000091,0.027435592556415835,
28,2,MTHBTC,0.00000070,0.00000067,0.1795321000678012,
29,3,ALPACABTC,0.00001546,0.00001538,0.01467608483556244,
30,3,MDXBTC,0.00002259,0.00002231,0.07417759147665197,
31,3,CAKEBTC,0.00032920,0.00033020,0.0187619208448772,
32,3,REEFBTC,0.00000039,0.00000038,0.038668714583901094,
33,3,GOBTC,0.00000056,0.00000054,0.018617221834373143,
34,3,NASBTC,0.00000660,0.00000670,0.011686839157291259,
35,3,QLCBTC,0.00000057,0.00000056,0.0010864507220921477,
36,3,XVGBTC,0.00000042,0.00000041,0.000543607868470332,
37,3,FUNBTC,0.00000035,0.00000034,0.005291343939877005,
38,3,QTUMBTC,0.00021400,0.00021300,0.009651231770514364,
39,3,C98BTC,0.00005893,0.00005927,0.012579875211506376,
40,3,LINABTC,0.00000084,0.00000083,0.16166911339894063,
41,3,STMXBTC,0.00000053,0.00000052,0.04794208724412153,
42,3,TCTBTC,0.00000052,0.00000051,0.021928913005627725,
43,3,PHBBTC,0.00000017,0.00000016,0.07085956322599055,
44,3,QKCBTC,0.00000053,0.00000052,0.05982342843941088,
45,3,CNDBTC,0.00000028,0.00000027,0.03409561770272391,
46,3,VIBBTC,0.00000092,0.00000091,0.027435592556415835,
47,3,MTHBTC,0.00000067,0.00000067,0.037798080300236334,
48,3,BAKEBTC,0.00003482,0.00003449,0.006903214451160382,
49,3,CKBBTC,0.00000026,0.00000025,0.06834702018394137,
50,3,CELOBTC,0.00009681,0.00009624,0.05061674180014898,
51,3,VIDTBTC,0.00001679,0.00001661,0.07091833991205303,
52,3,AVAXBTC,0.00094420,0.00093820,0.013064515696405724,
53,3,LUNABTC,0.00061860,0.00061780,0.06964549516342883,
54,3,SANDBTC,0.00001238,0.00001235,0.013557976492424142,
55,3,SRMBTC,0.00012720,0.00012540,0.004004035999745273,
56,3,DGBBTC,0.00000081,0.00000080,0.015990136861072875,
57,3,COSBTC,0.00000038,0.00000037,0.059554756271711785,
58,3,PIVXBTC,0.00001277,0.00001279,0.039962299215117486,
59,3,MANABTC,0.00001268,0.00001260,0.05596696370322257,
60,3,AMBBTC,0.00000059,0.00000058,0.037688361647522324,
61,3,TRXBTC,0.00000164,0.00000161,0.06546436770923576,
62,3,IOTABTC,0.00002164,0.00002159,0.002182430244394029,
63,4,ALPACABTC,0.00001554,0.00001548,0.021894965586474243,
64,4,MDXBTC,0.00002224,0.00002223,0.050513716330322284,
65,4,CAKEBTC,0.00032960,0.00032840,0.0187619208448772,
66,4,REEFBTC,0.00000039,0.00000038,0.038668714583901094,
67,4,GOBTC,0.00000056,0.00000054,0.050846051368365695,
68,4,NASBTC,0.00000680,0.00000680,0.030751496303825388,
69,4,QLCBTC,0.00000057,0.00000055,0.01578170563567765,
70,4,XVGBTC,0.00000042,0.00000041,0.00449513830264315,
71,4,FUNBTC,0.00000035,0.00000035,0.007712068735585127,
72,4,QTUMBTC,0.00021230,0.00021230,0.009651231770514364,
73,4,C98BTC,0.00005895,0.00005881,0.012579875211506376,
74,4,LINABTC,0.00000084,0.00000083,0.16166911339894063,
75,4,STMXBTC,0.00000052,0.00000051,0.04794208724412153,
76,4,TCTBTC,0.00000053,0.00000052,0.06297738171650474,
77,4,PHBBTC,0.00000017,0.00000016,0.0923570468102087,
78,4,QKCBTC,0.00000053,0.00000052,0.0928694028863298,
79,4,CNDBTC,0.00000028,0.00000027,0.013929400165751088,
80,4,VIBBTC,0.00000092,0.00000092,0.09744614901499796,
81,4,MTHBTC,0.00000068,0.00000065,0.032408284495471756,
82,4,BAKEBTC,0.00003443,0.00003422,0.006903214451160382,
83,4,CKBBTC,0.00000026,0.00000025,0.036603872751600264,
84,4,CELOBTC,0.00009576,0.00009586,0.034754844969084465,
85,4,VIDTBTC,0.00001668,0.00001648,0.07091833991205303,
86,4,AVAXBTC,0.00093740,0.00093010,0.013064515696405724,
87,4,LUNABTC,0.00061410,0.00061590,0.06434813091561983,
88,4,SANDBTC,0.00001227,0.00001225,0.010885152275401528,
89,4,SRMBTC,0.00012510,0.00012490,0.004004035999745273,
90,4,DGBBTC,0.00000081,0.00000080,0.010958034576135929,
91,4,COSBTC,0.00000037,0.00000036,0.059554756271711785,
92,4,PIVXBTC,0.00001304,0.00001288,0.039962299215117486,
93,4,MANABTC,0.00001257,0.00001256,0.05596696370322257,
94,4,AMBBTC,0.00000059,0.00000058,0.037688361647522324,
95,4,TRXBTC,0.00000162,0.00000161,0.06546436770923576,
96,4,IOTABTC,0.00002150,0.00002140,0.002182430244394029,
97,4,AKROBTC,0.00000050,0.00000049,0.009208756696716312,
98,4,IDEXBTC,0.00000520,0.00000508,0.10439326043263643,
99,4,FTTBTC,0.00094420,0.00094220,0.0053536197021954125,
100,4,XTZBTC,0.00011478,0.00011496,0.008356461754743463,
101,4,ATOMBTC,0.00054950,0.00055010,0.009064454509675399,
102,4,FETBTC,0.00001247,0.00001221,0.022610525481484546,
103,4,SCBTC,0.00000030,0.00000029,0.08492296141698503,
104,4,BTSBTC,0.00000080,0.00000079,0.02455711716556388,
105,5,ALPACABTC,0.00001561,0.00001623,0.021894965586474243,
106,5,MDXBTC,0.00002242,0.00002216,0.04033811679129715,
107,5,CAKEBTC,0.00033100,0.00032900,0.0187619208448772,
108,5,REEFBTC,0.00000040,0.00000039,0.11888926666706819,
109,5,GOBTC,0.00000055,0.00000055,0.050846051368365695,
110,5,NASBTC,0.00000690,0.00000670,0.030751496303825388,
111,5,QLCBTC,0.00000056,0.00000055,0.020460572548523487,
112,5,XVGBTC,0.00000042,0.00000041,0.00449513830264315,
113,5,FUNBTC,0.00000036,0.00000035,0.004230424497867754,
114,5,QTUMBTC,0.00021400,0.00021400,0.009651231770514364,
115,5,C98BTC,0.00005923,0.00005900,0.012579875211506376,
116,5,LINABTC,0.00000084,0.00000084,0.16166911339894063,
117,5,STMXBTC,0.00000052,0.00000052,0.04794208724412153,
118,5,TCTBTC,0.00000053,0.00000052,0.06297738171650474,
119,5,PHBBTC,0.00000017,0.00000016,0.18033950491217426,
120,5,QKCBTC,0.00000053,0.00000052,0.13848000572672925,
121,5,CNDBTC,0.00000027,0.00000026,0.03835270554759137,
122,5,VIBBTC,0.00000093,0.00000092,0.09744614901499796,
123,5,MTHBTC,0.00000066,0.00000066,0.19884628129908874,
124,5,BAKEBTC,0.00003455,0.00003468,0.006903214451160382,
125,5,CKBBTC,0.00000026,0.00000026,0.03709400438039242,
126,5,CELOBTC,0.00009707,0.00009670,0.056328982610444805,
127,5,VIDTBTC,0.00001663,0.00001689,0.07091833991205303,
128,5,AVAXBTC,0.00092840,0.00093060,0.013064515696405724,
129,5,LUNABTC,0.00061860,0.00062050,0.06434813091561983,
130,5,SANDBTC,0.00001235,0.00001234,0.010885152275401528,
131,5,SRMBTC,0.00012520,0.00012530,0.004004035999745273,
132,5,DGBBTC,0.00000082,0.00000081,0.010958034576135929,
133,5,COSBTC,0.00000037,0.00000037,0.060215534614581824,
134,5,PIVXBTC,0.00001291,0.00001282,0.039962299215117486,
135,5,MANABTC,0.00001267,0.00001266,0.05596696370322257,
136,5,AMBBTC,0.00000059,0.00000058,0.037688361647522324,
137,5,TRXBTC,0.00000163,0.00000163,0.06546436770923576,
138,5,IOTABTC,0.00002152,0.00002176,0.002182430244394029,
139,5,AKROBTC,0.00000051,0.00000049,0.014946832428541251,
140,5,IDEXBTC,0.00000512,0.00000513,0.10439326043263643,
141,5,FTTBTC,0.00094470,0.00094690,0.0053536197021954125,
142,5,XTZBTC,0.00011593,0.00011574,0.008356461754743463,
143,5,ATOMBTC,0.00055190,0.00055440,0.009064454509675399,
144,5,FETBTC,0.00001225,0.00001226,0.022610525481484546,
145,5,SCBTC,0.00000031,0.00000030,0.05397909302874509,
146,5,BTSBTC,0.00000081,0.00000081,0.02455711716556388,
147,5,WAVESBTC,0.00051700,0.00051440,0.037498674946954184,
148,6,ALPACABTC,0.00001615,0.00001580,0.021894965586474243,
149,6,MDXBTC,0.00002218,0.00002217,0.11894499328879489,
150,6,CAKEBTC,0.00033050,0.00032760,0.0187619208448772,
151,6,REEFBTC,0.00000040,0.00000039,0.13400230711581307,
152,6,GOBTC,0.00000056,0.00000055,0.050846051368365695,
153,6,NASBTC,0.00000680,0.00000670,0.030751496303825388,
154,6,QLCBTC,0.00000056,0.00000055,0.020460572548523487,
155,6,XVGBTC,0.00000042,0.00000041,0.05581118470490173,
156,6,FUNBTC,0.00000036,0.00000035,0.08454694003782627,
157,6,QTUMBTC,0.00021470,0.00021350,0.009651231770514364,
158,6,C98BTC,0.00005955,0.00005947,0.012579875211506376,
159,6,LINABTC,0.00000085,0.00000084,0.16166911339894063,
160,6,STMXBTC,0.00000053,0.00000052,0.04794208724412153,
161,6,TCTBTC,0.00000053,0.00000052,0.03193245853105925,
162,6,PHBBTC,0.00000017,0.00000016,0.10976502998471198,
163,6,QKCBTC,0.00000053,0.00000052,0.12149222845439556,
164,6,CNDBTC,0.00000027,0.00000026,0.01939488603685538,
165,6,VIBBTC,0.00000093,0.00000092,0.09699107798733488,
166,6,MTHBTC,0.00000067,0.00000066,0.004953737275197801,
167,6,BAKEBTC,0.00003481,0.00003481,0.006903214451160382,
168,6,CKBBTC,0.00000027,0.00000026,0.03709400438039242,
169,6,CELOBTC,0.00009737,0.00009825,0.056328982610444805,
170,6,VIDTBTC,0.00001694,0.00001675,0.07091833991205303,
171,6,AVAXBTC,0.00093240,0.00092590,0.013064515696405724,
172,6,LUNABTC,0.00062410,0.00061960,0.06434813091561983,
173,6,SANDBTC,0.00001242,0.00001236,0.010885152275401528,
174,6,SRMBTC,0.00012520,0.00012500,0.0076000106462840306,
175,6,DGBBTC,0.00000082,0.00000082,0.0652248476546607,
176,6,COSBTC,0.00000038,0.00000037,0.060215534614581824,
177,6,PIVXBTC,0.00001283,0.00001287,0.039962299215117486,
178,6,MANABTC,0.00001268,0.00001265,0.05596696370322257,
179,6,AMBBTC,0.00000059,0.00000057,0.037688361647522324,
180,6,TRXBTC,0.00000164,0.00000167,0.06546436770923576,
181,6,IOTABTC,0.00002174,0.00002165,0.002182430244394029,
182,6,AKROBTC,0.00000051,0.00000050,0.014946832428541251,
183,6,IDEXBTC,0.00000514,0.00000509,0.10439326043263643,
184,6,FTTBTC,0.00094870,0.00094400,0.0053536197021954125,
185,6,XTZBTC,0.00011610,0.00011589,0.008356461754743463,
186,6,ATOMBTC,0.00055980,0.00055580,0.009064454509675399,
187,6,FETBTC,0.00001230,0.00001209,0.022610525481484546,
188,6,SCBTC,0.00000031,0.00000030,0.05397909302874509,
189,6,BTSBTC,0.00000083,0.00000081,0.02648876718628267,
190,6,WAVESBTC,0.00051760,0.00051290,0.09800003278241444,
191,6,RADBTC,0.00021760,0.00021400,0.00408984852641193,
192,6,AVABTC,0.00004958,0.00004930,0.020761649787055542,
193,7,ALPACABTC,0.00001594,0.00001579,0.027623485689421176,
194,7,MDXBTC,0.00002216,0.00002208,0.11894499328879489,
195,7,CAKEBTC,0.00032840,0.00032670,0.008451769756293324,
196,7,REEFBTC,0.00000040,0.00000039,0.024475103578183423,
197,7,GOBTC,0.00000056,0.00000055,0.050846051368365695,
198,7,NASBTC,0.00000680,0.00000660,0.04435748117963827,
199,7,QLCBTC,0.00000056,0.00000055,0.039494091146218345,
200,7,XVGBTC,0.00000042,0.00000041,0.005203048088447488,
201,7,FUNBTC,0.00000036,0.00000034,0.06668500351688395,
202,7,QTUMBTC,0.00021400,0.00021190,0.009651231770514364,
203,7,C98BTC,0.00005957,0.00005891,0.012579875211506376,
204,7,LINABTC,0.00000085,0.00000083,0.16166911339894063,
205,7,STMXBTC,0.00000053,0.00000051,0.06438968487159365,
206,7,TCTBTC,0.00000053,0.00000052,0.04429490599779777,
207,7,PHBBTC,0.00000017,0.00000016,0.08023921543825893,
208,7,QKCBTC,0.00000053,0.00000051,0.061020951107109686,
209,7,CNDBTC,0.00000027,0.00000026,0.01227460178216506,
210,7,VIBBTC,0.00000093,0.00000092,0.06474583142236677,
211,7,MTHBTC,0.00000067,0.00000066,0.0007815105972318078,
212,7,BAKEBTC,0.00003486,0.00003460,0.006903214451160382,
213,7,CKBBTC,0.00000027,0.00000026,0.03709400438039242,
214,7,CELOBTC,0.00009780,0.00009660,0.025350380655551195,
215,7,VIDTBTC,0.00001735,0.00001730,0.07091833991205303,
216,7,AVAXBTC,0.00092940,0.00091580,0.013064515696405724,
217,7,LUNABTC,0.00062170,0.00061570,0.06434813091561983,
218,7,SANDBTC,0.00001239,0.00001228,0.00524422228322903,
219,7,SRMBTC,0.00012520,0.00012370,0.0018708250298262426,
220,7,DGBBTC,0.00000083,0.00000082,0.0019393186037554885,
221,7,COSBTC,0.00000038,0.00000037,0.04762191187254068,
222,7,PIVXBTC,0.00001289,0.00001285,0.039962299215117486,
223,7,MANABTC,0.00001267,0.00001254,0.05596696370322257,
224,7,AMBBTC,0.00000059,0.00000058,0.037688361647522324,
225,7,TRXBTC,0.00000171,0.00000164,0.06546436770923576,
226,7,IOTABTC,0.00002176,0.00002158,0.002182430244394029,
227,7,AKROBTC,0.00000051,0.00000050,0.014946832428541251,
228,7,IDEXBTC,0.00000512,0.00000508,0.10439326043263643,
229,7,FTTBTC,0.00094600,0.00094010,0.0053536197021954125,
230,7,XTZBTC,0.00011629,0.00011451,0.029678550865728005,
231,7,ATOMBTC,0.00055570,0.00054930,0.009064454509675399,
232,7,FETBTC,0.00001219,0.00001206,0.03512081899370153,
233,7,SCBTC,0.00000031,0.00000029,0.05397909302874509,
234,7,BTSBTC,0.00000082,0.00000081,0.02648876718628267,
235,7,WAVESBTC,0.00051180,0.00050860,0.06955241900774263,
236,7,RADBTC,0.00021320,0.00021260,0.0041096631148293886,
237,7,AVABTC,0.00004920,0.00004908,0.04694133055893817,
238,7,TKOBTC,0.00003274,0.00003230,0.046782337656811605,
239,7,DOTBTC,0.00066950,0.00066560,0.07371612532184368,
240,7,QSPBTC,0.00000100,0.00000099,0.06803541186389277,
241,8,ALPACABTC,0.00001589,0.00001583,0.027623485689421176,
242,8,MDXBTC,0.00002207,0.00002181,0.0014072218575587993,
243,8,CAKEBTC,0.00032690,0.00032530,0.022357479116095064,
244,8,REEFBTC,0.00000040,0.00000038,0.09788127488496008,
245,8,GOBTC,0.00000056,0.00000054,0.004520258463099213,
246,8,NASBTC,0.00000670,0.00000660,0.005981557968113718,
247,8,QLCBTC,0.00000056,0.00000054,0.039494091146218345,
248,8,XVGBTC,0.00000042,0.00000041,0.09734974081880934,
249,8,FUNBTC,0.00000035,0.00000034,0.016836349364948083,
250,8,QTUMBTC,0.00021150,0.00021030,0.009651231770514364,
251,8,C98BTC,0.00005877,0.00005871,0.012579875211506376,
252,8,LINABTC,0.00000084,0.00000083,0.16166911339894063,
253,8,STMXBTC,0.00000052,0.00000051,0.01611797768491706,
254,8,TCTBTC,0.00000053,0.00000052,0.0910402870599889,
255,8,PHBBTC,0.00000017,0.00000016,0.1054956582288379,
256,8,QKCBTC,0.00000053,0.00000051,0.09971657417388423,
257,8,CNDBTC,0.00000027,0.00000027,0.010161424574993881,
258,8,VIBBTC,0.00000093,0.00000091,0.06474583142236677,
259,8,MTHBTC,0.00000067,0.00000065,0.0018988076756657419,
260,8,BAKEBTC,0.00003462,0.00003447,0.006903214451160382,
261,8,CKBBTC,0.00000027,0.00000026,0.03709400438039242,
262,8,CELOBTC,0.00009672,0.00009657,0.10532144395433082,
263,8,VIDTBTC,0.00001714,0.00001692,0.07091833991205303,
264,8,AVAXBTC,0.00091840,0.00091320,0.013064515696405724,
265,8,LUNABTC,0.00061370,0.00060930,0.06535782609947424,
266,8,SANDBTC,0.00001228,0.00001213,0.00524422228322903,
267,8,SRMBTC,0.00012400,0.00012350,0.0018708250298262426,
268,8,DGBBTC,0.00000082,0.00000081,0.0022133212551296026,
269,8,COSBTC,0.00000040,0.00000040,0.07423183497780152,
270,8,PIVXBTC,0.00001286,0.00001252,0.039962299215117486,
271,8,MANABTC,0.00001255,0.00001246,0.05596696370322257,
272,8,AMBBTC,0.00000059,0.00000058,0.037688361647522324,
273,8,TRXBTC,0.00000165,0.00000164,0.06546436770923576,
274,8,IOTABTC,0.00002165,0.00002159,0.002182430244394029,
275,8,AKROBTC,0.00000052,0.00000050,0.014946832428541251,
276,8,IDEXBTC,0.00000510,0.00000506,0.10439326043263643,
277,8,FTTBTC,0.00094190,0.00094360,0.0053536197021954125,
278,8,XTZBTC,0.00011508,0.00011445,0.029678550865728005,
279,8,ATOMBTC,0.00054950,0.00054760,0.009064454509675399,
280,8,FETBTC,0.00001202,0.00001190,0.03512081899370153,
281,8,SCBTC,0.00000030,0.00000029,0.05397909302874509,
282,8,BTSBTC,0.00000082,0.00000081,0.02648876718628267,
283,8,WAVESBTC,0.00050710,0.00050240,0.06955241900774263,
284,8,RADBTC,0.00021210,0.00021260,0.02393680769612745,
285,8,AVABTC,0.00004893,0.00004843,0.025314791913110007,
286,8,TKOBTC,0.00003221,0.00003197,0.046782337656811605,
287,8,DOTBTC,0.00066640,0.00066790,0.07371612532184368,
288,8,QSPBTC,0.00000100,0.00000098,0.025056556343755306,
289,8,RAREBTC,0.00003205,0.00003154,0.03451876855363721,
290,8,MITHBTC,0.00000085,0.00000083,0.07328403733476187,
291,9,ALPACABTC,0.00001591,0.00001611,0.027623485689421176,
292,9,MDXBTC,0.00002195,0.00002219,2.020437045200203e-05,
293,9,CAKEBTC,0.00032610,0.00032930,0.07310019718361054,
294,9,REEFBTC,0.00000039,0.00000042,0.11051844923089084,
295,9,GOBTC,0.00000055,0.00000054,0.004520258463099213,
296,9,NASBTC,0.00000680,0.00000670,0.014891110611982566,
297,9,QLCBTC,0.00000056,0.00000056,0.05588386566590703,
298,9,XVGBTC,0.00000042,0.00000041,0.0490691122174992,
299,9,FUNBTC,0.00000035,0.00000034,0.002305021826846286,
300,9,QTUMBTC,0.00021030,0.00021280,0.009651231770514364,
301,9,C98BTC,0.00005882,0.00005917,0.012579875211506376,
302,9,LINABTC,0.00000084,0.00000085,0.16166911339894063,
303,9,STMXBTC,0.00000052,0.00000051,0.01611797768491706,
304,9,TCTBTC,0.00000053,0.00000052,0.0910402870599889,
305,9,PHBBTC,0.00000017,0.00000016,0.11750724065344659,
306,9,QKCBTC,0.00000052,0.00000052,0.12096008659924852,
307,9,CNDBTC,0.00000028,0.00000027,0.010161424574993881,
308,9,VIBBTC,0.00000092,0.00000092,0.07366313924195124,
309,9,MTHBTC,0.00000067,0.00000066,0.004446114842435444,
310,9,BAKEBTC,0.00003452,0.00003565,0.006903214451160382,
311,9,CKBBTC,0.00000027,0.00000026,0.01530140563333751,
312,9,CELOBTC,0.00009658,0.00009750,0.016739942494805544,
313,9,VIDTBTC,0.00001722,0.00001704,0.07091833991205303,
314,9,AVAXBTC,0.00091670,0.00092540,0.013064515696405724,
315,9,LUNABTC,0.00061130,0.00062120,0.06535782609947424,
316,9,SANDBTC,0.00001214,0.00001227,0.00524422228322903,
317,9,SRMBTC,0.00012400,0.00012460,0.0018708250298262426,
318,9,DGBBTC,0.00000083,0.00000085,0.0022133212551296026,
319,9,COSBTC,0.00000040,0.00000038,0.08665461565236265,
320,9,PIVXBTC,0.00001259,0.00001276,0.02512385053186603,
321,9,MANABTC,0.00001247,0.00001256,0.05596696370322257,
322,9,AMBBTC,0.00000059,0.00000058,0.037688361647522324,
323,9,TRXBTC,0.00000165,0.00000165,0.06546436770923576,
324,9,IOTABTC,0.00002154,0.00002184,0.002182430244394029,
325,9,AKROBTC,0.00000051,0.00000051,0.010295494832949215,
326,9,IDEXBTC,0.00000508,0.00000509,0.10439326043263643,
327,9,FTTBTC,0.00094160,0.00094270,0.0053536197021954125,
328,9,XTZBTC,0.00011452,0.00011575,0.029678550865728005,
329,9,ATOMBTC,0.00055010,0.00055530,0.009064454509675399,
330,9,FETBTC,0.00001191,0.00001196,0.03512081899370153,
331,9,SCBTC,0.00000030,0.00000030,0.05397909302874509,
332,9,BTSBTC,0.00000082,0.00000084,0.017241624487300485,
333,9,WAVESBTC,0.00050340,0.00050870,0.06955241900774263,
334,9,RADBTC,0.00021220,0.00021290,0.016178158824450704,
335,9,AVABTC,0.00004850,0.00004856,0.0814637512775297,
336,9,TKOBTC,0.00003221,0.00003453,0.046782337656811605,
337,9,DOTBTC,0.00066720,0.00067440,0.0950786923025126,
338,9,QSPBTC,0.00000100,0.00000099,0.025056556343755306,
339,9,RAREBTC,0.00003194,0.00003179,0.005218608335340933,
340,9,MITHBTC,0.00000084,0.00000084,0.07328403733476187,
341,9,RSRBTC,0.00000056,0.00000056,0.008339313183274211,
342,10,ALPACABTC,0.00001635,0.00001592,0.05406379553878589,
343,10,MDXBTC,0.00002212,0.00002186,0.10231262306081712,
344,10,CAKEBTC,0.00032630,0.00032430,0.001051278981469445,
345,10,REEFBTC,0.00000042,0.00000044,0.0583025556884228,
346,10,GOBTC,0.00000055,0.00000053,0.029242837417653256,
347,10,NASBTC,0.00000680,0.00000690,0.014891110611982566,
348,10,QLCBTC,0.00000057,0.00000056,0.0837817676405616,
349,10,XVGBTC,0.00000042,0.00000041,0.05080881035623428,
350,10,FUNBTC,0.00000035,0.00000034,0.11849274305897453,
351,10,QTUMBTC,0.00021110,0.00020980,0.009651231770514364,
352,10,C98BTC,0.00005876,0.00005804,0.012579875211506376,
353,10,LINABTC,0.00000085,0.00000083,0.16166911339894063,
354,10,STMXBTC,0.00000052,0.00000051,0.01611797768491706,
355,10,TCTBTC,0.00000053,0.00000051,0.005568698546377719,
356,10,PHBBTC,0.00000017,0.00000016,0.11750724065344659,
357,10,QKCBTC,0.00000052,0.00000051,0.10563147140595248,
358,10,CNDBTC,0.00000028,0.00000027,0.010161424574993881,
359,10,VIBBTC,0.00000093,0.00000091,0.08939552427240574,
360,10,MTHBTC,0.00000067,0.00000064,0.023956585100867633,
361,10,BAKEBTC,0.00003519,0.00003433,0.006903214451160382,
362,10,CKBBTC,0.00000027,0.00000026,0.09349500304703898,
363,10,CELOBTC,0.00009694,0.00009590,0.016739942494805544,
364,10,VIDTBTC,0.00001702,0.00001670,0.07091833991205303,
365,10,AVAXBTC,0.00091690,0.00090930,0.025551618035597363,
366,10,LUNABTC,0.00061300,0.00060710,0.005262946010598192,
367,10,SANDBTC,0.00001219,0.00001206,0.00524422228322903,
368,10,SRMBTC,0.00012350,0.00012230,0.0018708250298262426,
369,10,DGBBTC,0.00000085,0.00000082,0.0022133212551296026,
370,10,COSBTC,0.00000039,0.00000037,0.08665461565236265,
371,10,PIVXBTC,0.00001272,0.00001261,0.02512385053186603,
372,10,MANABTC,0.00001245,0.00001234,0.05596696370322257,
373,10,AMBBTC,0.00000059,0.00000058,0.037688361647522324,
374,10,TRXBTC,0.00000165,0.00000163,0.06546436770923576,
375,10,IOTABTC,0.00002164,0.00002152,0.002182430244394029,
376,10,AKROBTC,0.00000051,0.00000050,0.010295494832949215,
377,10,IDEXBTC,0.00000508,0.00000502,0.10439326043263643,
378,10,FTTBTC,0.00094040,0.00093830,0.0053536197021954125,
379,10,XTZBTC,0.00011479,0.00011349,0.029678550865728005,
380,10,ATOMBTC,0.00054900,0.00054250,0.009064454509675399,
381,10,FETBTC,0.00001186,0.00001183,0.03512081899370153,
382,10,SCBTC,0.00000031,0.00000030,0.05397909302874509,
383,10,BTSBTC,0.00000084,0.00000081,0.024763113638676237,
384,10,WAVESBTC,0.00050490,0.00049670,0.06955241900774263,
385,10,RADBTC,0.00021220,0.00020730,0.009886472090391802,
386,10,AVABTC,0.00004861,0.00004822,0.0814637512775297,
387,10,TKOBTC,0.00003491,0.00003300,0.046782337656811605,
388,10,DOTBTC,0.00066850,0.00066240,0.0950786923025126,
389,10,QSPBTC,0.00000099,0.00000098,0.025056556343755306,
390,10,RAREBTC,0.00003209,0.00003148,0.005218608335340933,
391,10,MITHBTC,0.00000084,0.00000082,0.07328403733476187,
392,10,RSRBTC,0.00000056,0.00000054,0.008339313183274211,
393,10,YOYOBTC,0.00000041,0.00000040,0.1184321561091749,
394,11,ALPACABTC,0.00001586,0.00001576,0.05406379553878589,
395,11,MDXBTC,0.00002175,0.00002180,0.0022030948665582497,
396,11,CAKEBTC,0.00032210,0.00032300,0.001051278981469445,
397,11,REEFBTC,0.00000044,0.00000043,0.0583025556884228,
398,11,GOBTC,0.00000054,0.00000053,0.029242837417653256,
399,11,NASBTC,0.00000690,0.00000670,0.014891110611982566,
400,11,QLCBTC,0.00000056,0.00000055,0.00969113924987263,
401,11,XVGBTC,0.00000042,0.00000041,0.12069441946417567,
402,11,FUNBTC,0.00000035,0.00000034,0.026006277291176782,
403,11,QTUMBTC,0.00020800,0.00021020,0.009651231770514364,
404,11,C98BTC,0.00005769,0.00005847,0.012579875211506376,
405,11,LINABTC,0.00000083,0.00000084,0.16166911339894063,
406,11,STMXBTC,0.00000051,0.00000051,0.01611797768491706,
407,11,TCTBTC,0.00000052,0.00000051,0.05131254408539452,
408,11,PHBBTC,0.00000017,0.00000016,0.11750724065344659,
409,11,QKCBTC,0.00000051,0.00000051,0.12499164302065484,
410,11,CNDBTC,0.00000028,0.00000027,0.010161424574993881,
411,11,VIBBTC,0.00000091,0.00000090,0.05769299830216212,
412,11,MTHBTC,0.00000064,0.00000063,0.04632507601185704,
413,11,BAKEBTC,0.00003423,0.00003435,0.006903214451160382,
414,11,CKBBTC,0.00000026,0.00000026,0.04366991724294436,
415,11,CELOBTC,0.00009524,0.00009548,0.0076357054530195685,
416,11,VIDTBTC,0.00001664,0.00001650,0.07091833991205303,
417,11,AVAXBTC,0.00090340,0.00091530,0.025551618035597363,
418,11,LUNABTC,0.00060370,0.00060770,0.005262946010598192,
419,11,SANDBTC,0.00001203,0.00001210,0.0172263036621304,
420,11,SRMBTC,0.00012160,0.00012230,0.0018708250298262426,
421,11,DGBBTC,0.00000083,0.00000082,0.0022133212551296026,
422,11,COSBTC,0.00000038,0.00000037,0.08665461565236265,
423,11,PIVXBTC,0.00001249,0.00001243,0.02512385053186603,
424,11,MANABTC,0.00001228,0.00001240,0.05596696370322257,
425,11,AMBBTC,0.00000058,0.00000057,0.037688361647522324,
426,11,TRXBTC,0.00000163,0.00000163,0.06546436770923576,
427,11,IOTABTC,0.00002137,0.00002156,0.002182430244394029,
428,11,AKROBTC,0.00000050,0.00000049,0.0052521166916434546,
429,11,IDEXBTC,0.00000498,0.00000496,0.10439326043263643,
430,11,FTTBTC,0.00093760,0.00093950,0.0053536197021954125,
431,11,XTZBTC,0.00011239,0.00011334,0.029678550865728005,
432,11,ATOMBTC,0.00054370,0.00054230,0.009064454509675399,
433,11,FETBTC,0.00001173,0.00001188,0.03512081899370153,
434,11,SCBTC,0.00000030,0.00000030,0.05397909302874509,
435,11,BTSBTC,0.00000082,0.00000082,0.04864332049634408,
436,11,WAVESBTC,0.00049590,0.00049790,0.06955241900774263,
437,11,RADBTC,0.00020580,0.00020940,0.0031407670177068373,
438,11,AVABTC,0.00004800,0.00004794,0.0814637512775297,
439,11,TKOBTC,0.00003266,0.00003244,0.065996507479882,
440,11,DOTBTC,0.00066000,0.00067720,0.0950786923025126,
441,11,QSPBTC,0.00000099,0.00000097,0.025056556343755306,
442,11,RAREBTC,0.00003137,0.00003068,0.005218608335340933,
443,11,MITHBTC,0.00000081,0.00000080,0.07328403733476187,
444,11,RSRBTC,0.00000055,0.00000055,0.008339313183274211,
445,11,YOYOBTC,0.00000041,0.00000039,0.1184321561091749,
446,11,YGGBTC,0.00010870,0.00010990,0.01042195464375274,
447,11,MBOXBTC,0.00007303,0.00007377,0.08147971483585502,
448,11,CLVBTC,0.00001964,0.00001953,0.027550407115337117,
449,11,SUPERBTC,0.00001165,0.00001165,0.10794608224954665,
450,11,UNIBTC,0.00042250,0.00042670,0.012404749574454954,
451,11,BELBTC,0.00004464,0.00004454,0.06409665939989642,
452,11,JSTBTC,0.00000126,0.00000126,0.033809965496785235,
453,11,SNXBTC,0.00015950,0.00016090,0.005735223858176082,
454,11,MDTBTC,0.00000072,0.00000069,0.009906357378445647,
455,11,LINKBTC,0.00043550,0.00044150,0.016167055112227564,
456,12,ALPACABTC,0.00001571,0.00001566,0.05406379553878589,
457,12,MDXBTC,0.00002165,0.00002160,0.0022030948665582497,
458,12,CAKEBTC,0.00032140,0.00032030,0.051529623324365614,
459,12,REEFBTC,0.00000044,0.00000043,0.0583025556884228,
460,12,GOBTC,0.00000054,0.00000053,0.029242837417653256,
461,12,NASBTC,0.00000670,0.00000660,0.014891110611982566,
462,12,QLCBTC,0.00000056,0.00000055,0.00969113924987263,
463,12,XVGBTC,0.00000042,0.00000041,0.0541859751455534,
464,12,FUNBTC,0.00000035,0.00000033,0.010162325497596832,
465,12,QTUMBTC,0.00020860,0.00020930,0.009651231770514364,
466,12,C98BTC,0.00005798,0.00005767,0.012579875211506376,
467,12,LINABTC,0.00000086,0.00000084,0.032274168449970594,
468,12,STMXBTC,0.00000051,0.00000050,0.01611797768491706,
469,12,TCTBTC,0.00000052,0.00000051,0.1218551342397571,
470,12,PHBBTC,0.00000017,0.00000016,0.11750724065344659,
471,12,QKCBTC,0.00000051,0.00000051,0.12499164302065484,
472,12,CNDBTC,0.00000028,0.00000027,0.010161424574993881,
473,12,VIBBTC,0.00000091,0.00000090,0.09169118158196987,
474,12,MTHBTC,0.00000064,0.00000063,0.006660137073902243,
475,12,BAKEBTC,0.00003414,0.00003417,0.006903214451160382,
476,12,CKBBTC,0.00000027,0.00000027,0.1430045218219057,
477,12,CELOBTC,0.00009560,0.00009563,0.0076357054530195685,
478,12,VIDTBTC,0.00001642,0.00001631,0.07091833991205303,
479,12,AVAXBTC,0.00091580,0.00091450,0.025551618035597363,
480,12,LUNABTC,0.00060500,0.00060450,0.06483417579581828,
481,12,SANDBTC,0.00001202,0.00001204,0.0172263036621304,
482,12,SRMBTC,0.00012180,0.00012220,0.0018708250298262426,
483,12,DGBBTC,0.00000083,0.00000082,0.0022133212551296026,
484,12,COSBTC,0.00000037,0.00000037,0.08665461565236265,
485,12,PIVXBTC,0.00001241,0.00001235,0.02512385053186603,
486,12,MANABTC,0.00001231,0.00001232,0.05596696370322257,
487,12,AMBBTC,0.00000058,0.00000057,0.037688361647522324,
488,12,TRXBTC,0.00000162,0.00000161,0.06546436770923576,
489,12,IOTABTC,0.00002129,0.00002130,0.002182430244394029,
490,12,AKROBTC,0.00000050,0.00000049,0.10483297828110454,
491,12,IDEXBTC,0.00000522,0.00000504,0.10439326043263643,
492,12,FTTBTC,0.00093960,0.00093320,0.0053536197021954125,
493,12,XTZBTC,0.00011195,0.00011253,0.029678550865728005,
494,12,ATOMBTC,0.00053800,0.00053990,0.009064454509675399,
495,12,FETBTC,0.00001170,0.00001177,0.03512081899370153,
496,12,SCBTC,0.00000031,0.00000030,0.05397909302874509,
497,12,BTSBTC,0.00000081,0.00000080,0.11537460588940217,
498,12,WAVESBTC,0.00049490,0.00049580,0.15338244960959393,
499,12,RADBTC,0.00020920,0.00020550,0.0031407670177068373,
500,12,AVABTC,0.00004806,0.00004792,0.04901646064867231,
501,12,TKOBTC,0.00003211,0.00003217,0.065996507479882,
502,12,DOTBTC,0.00067890,0.00068510,0.0950786923025126,
503,12,QSPBTC,0.00000098,0.00000096,0.025056556343755306,
504,12,RAREBTC,0.00003089,0.00003040,0.0011962626403875679,
505,12,MITHBTC,0.00000081,0.00000079,0.07328403733476187,
506,12,RSRBTC,0.00000055,0.00000054,0.008339313183274211,
507,12,YOYOBTC,0.00000040,0.00000039,0.1184321561091749,
508,12,YGGBTC,0.00010820,0.00010700,0.01042195464375274,
509,12,MBOXBTC,0.00007311,0.00007303,0.08147971483585502,
510,12,CLVBTC,0.00001939,0.00001935,0.027550407115337117,
511,12,SUPERBTC,0.00001154,0.00001154,0.10794608224954665,
512,12,UNIBTC,0.00042100,0.00042180,0.012404749574454954,
513,12,BELBTC,0.00004397,0.00004401,0.06409665939989642,
514,12,JSTBTC,0.00000126,0.00000125,0.033809965496785235,
515,12,SNXBTC,0.00015920,0.00015940,0.005735223858176082,
516,12,MDTBTC,0.00000070,0.00000069,0.009906357378445647,
517,12,LINKBTC,0.00043810,0.00043830,0.016167055112227564,
518,13,ALPACABTC,0.00001580,0.00001579,0.08598956378784552,
519,13,MDXBTC,0.00002162,0.00002158,0.0022030948665582497,
520,13,CAKEBTC,0.00032190,0.00032410,0.051529623324365614,
521,13,REEFBTC,0.00000044,0.00000044,0.0583025556884228,
522,13,GOBTC,0.00000054,0.00000053,0.002588072677196665,
523,13,NASBTC,0.00000670,0.00000660,0.0832581881513587,
524,13,QLCBTC,0.00000056,0.00000055,0.00969113924987263,
525,13,XVGBTC,0.00000042,0.00000041,0.024236679133512892,
526,13,FUNBTC,0.00000034,0.00000033,0.0032928247706570457,
527,13,QTUMBTC,0.00021020,0.00020920,0.009651231770514364,
528,13,C98BTC,0.00005794,0.00005798,0.012579875211506376,
529,13,LINABTC,0.00000085,0.00000084,0.032274168449970594,
530,13,STMXBTC,0.00000052,0.00000051,0.02810439220389749,
531,13,TCTBTC,0.00000052,0.00000051,0.07682031723001971,
532,13,PHBBTC,0.00000017,0.00000015,0.018861737904552235,
533,13,QKCBTC,0.00000052,0.00000051,0.018358320496628673,
534,13,CNDBTC,0.00000028,0.00000027,0.010161424574993881,
535,13,VIBBTC,0.00000091,0.00000090,0.022645077777132608,
536,13,MTHBTC,0.00000064,0.00000063,2.4109584763182564e-05,
537,13,BAKEBTC,0.00003434,0.00003443,0.006903214451160382,
538,13,CKBBTC,0.00000027,0.00000025,0.08661952445785555,
539,13,CELOBTC,0.00009598,0.00009606,0.09759415343405688,
540,13,VIDTBTC,0.00001633,0.00001630,0.07091833991205303,
541,13,AVAXBTC,0.00091480,0.00091540,0.025551618035597363,
542,13,LUNABTC,0.00060840,0.00061050,0.06483417579581828,
543,13,SANDBTC,0.00001212,0.00001215,0.027682910705652167,
544,13,SRMBTC,0.00012280,0.00012330,0.08422519387221693,
545,13,DGBBTC,0.00000083,0.00000082,0.023705028506980433,
546,13,COSBTC,0.00000038,0.00000036,0.086530559264595,
547,13,PIVXBTC,0.00001238,0.00001226,0.02512385053186603,
548,13,MANABTC,0.00001236,0.00001242,0.05596696370322257,
549,13,AMBBTC,0.00000058,0.00000057,0.042817777523141656,
550,13,TRXBTC,0.00000162,0.00000162,0.06546436770923576,
551,13,IOTABTC,0.00002130,0.00002133,0.002182430244394029,
552,13,AKROBTC,0.00000050,0.00000050,0.07221925592298671,
553,13,IDEXBTC,0.00000506,0.00000502,0.10439326043263643,
554,13,FTTBTC,0.00093230,0.00092810,0.0053536197021954125,
555,13,XTZBTC,0.00011278,0.00011322,0.0020309057375186117,
556,13,ATOMBTC,0.00054080,0.00054720,0.009064454509675399,
557,13,FETBTC,0.00001177,0.00001192,0.03512081899370153,
558,13,SCBTC,0.00000031,0.00000030,0.05397909302874509,
559,13,BTSBTC,0.00000081,0.00000080,0.022879642386157546,
560,13,WAVESBTC,0.00049660,0.00049850,0.15338244960959393,
561,13,RADBTC,0.00020710,0.00020820,0.0031407670177068373,
562,13,AVABTC,0.00004798,0.00004804,0.0010213727334836868,
563,13,TKOBTC,0.00003235,0.00003210,0.065996507479882,
564,13,DOTBTC,0.00067960,0.00070600,0.0950786923025126,
565,13,QSPBTC,0.00000098,0.00000097,0.025614930750563356,
566,13,RAREBTC,0.00003079,0.00002985,0.0025336664517071057,
567,13,MITHBTC,0.00000080,0.00000080,0.07328403733476187,
568,13,RSRBTC,0.00000056,0.00000056,0.008339313183274211,
569,13,YOYOBTC,0.00000040,0.00000038,0.1184321561091749,
570,13,YGGBTC,0.00010750,0.00010740,0.021079121485034574,
571,13,MBOXBTC,0.00007324,0.00007319,0.08147971483585502,
572,13,CLVBTC,0.00001943,0.00001944,0.027550407115337117,
573,13,SUPERBTC,0.00001159,0.00001159,0.10794608224954665,
574,13,UNIBTC,0.00042190,0.00042100,0.0323825393222749,
575,13,BELBTC,0.00004417,0.00004426,0.06409665939989642,
576,13,JSTBTC,0.00000126,0.00000126,0.033809965496785235,
577,13,SNXBTC,0.00016010,0.00016070,0.005735223858176082,
578,13,MDTBTC,0.00000070,0.00000069,0.009906357378445647,
579,13,LINKBTC,0.00043830,0.00043910,0.016167055112227564,
580,13,MDABTC,0.00001259,0.00001260,0.00688413372821007,
581,14,ALPACABTC,0.00001584,0.00001527,0.08598956378784552,
582,14,MDXBTC,0.00002162,0.00002132,0.0022030948665582497,
583,14,CAKEBTC,0.00032480,0.00032060,0.038701284216349094,
584,14,REEFBTC,0.00000045,0.00000043,0.0583025556884228,
585,14,GOBTC,0.00000054,0.00000053,0.012613836959282752,
586,14,NASBTC,0.00000680,0.00000650,0.06907199333121927,
587,14,QLCBTC,0.00000056,0.00000055,0.00969113924987263,
588,14,XVGBTC,0.00000042,0.00000040,0.10336898714116853,
589,14,FUNBTC,0.00000034,0.00000033,0.02204131103552593,
590,14,QTUMBTC,0.00020980,0.00020760,0.006252396643121078,
591,14,C98BTC,0.00005844,0.00005790,0.012579875211506376,
592,14,LINABTC,0.00000085,0.00000084,0.032274168449970594,
593,14,STMXBTC,0.00000052,0.00000051,0.03590955350922148,
594,14,TCTBTC,0.00000052,0.00000050,0.07682031723001971,
595,14,PHBBTC,0.00000016,0.00000015,0.10459652280228769,
596,14,QKCBTC,0.00000052,0.00000051,0.018358320496628673,
597,14,CNDBTC,0.00000028,0.00000026,0.010161424574993881,
598,14,VIBBTC,0.00000091,0.00000090,0.029314733610976335,
599,14,MTHBTC,0.00000064,0.00000063,0.0019181912987135457,
600,14,BAKEBTC,0.00003463,0.00003419,0.006903214451160382,
601,14,CKBBTC,0.00000027,0.00000026,0.10742303480134191,
602,14,CELOBTC,0.00009562,0.00009545,0.02196160728037426,
603,14,VIDTBTC,0.00001641,0.00001631,0.008896515791542417,
604,14,AVAXBTC,0.00091830,0.00091280,0.025551618035597363,
605,14,LUNABTC,0.00061430,0.00060130,0.06483417579581828,
606,14,SANDBTC,0.00001222,0.00001209,0.027682910705652167,
607,14,SRMBTC,0.00012380,0.00012310,0.08422519387221693,
608,14,DGBBTC,0.00000083,0.00000081,0.041561049084297516,
609,14,COSBTC,0.00000037,0.00000036,0.086530559264595,
610,14,PIVXBTC,0.00001226,0.00001216,0.04279606877041772,
611,14,MANABTC,0.00001246,0.00001232,0.05596696370322257,
612,14,AMBBTC,0.00000058,0.00000057,0.002091126977712031,
613,14,TRXBTC,0.00000163,0.00000161,0.06546436770923576,
614,14,IOTABTC,0.00002137,0.00002118,0.002182430244394029,
615,14,AKROBTC,0.00000051,0.00000049,0.09412142999540811,
616,14,IDEXBTC,0.00000500,0.00000494,0.10439326043263643,
617,14,FTTBTC,0.00092880,0.00092920,0.0053536197021954125,
618,14,XTZBTC,0.00011350,0.00011160,0.04010759708080245,
619,14,ATOMBTC,0.00054790,0.00053980,0.009064454509675399,
620,14,FETBTC,0.00001193,0.00001199,0.03512081899370153,
621,14,SCBTC,0.00000031,0.00000030,0.05397909302874509,
622,14,BTSBTC,0.00000081,0.00000079,0.09832572785031576,
623,14,WAVESBTC,0.00049980,0.00049280,0.15338244960959393,
624,14,RADBTC,0.00020960,0.00020710,0.0031407670177068373,
625,14,AVABTC,0.00004818,0.00004860,0.0010213727334836868,
626,14,TKOBTC,0.00003221,0.00003175,0.065996507479882,
627,14,DOTBTC,0.00071620,0.00069440,0.0950786923025126,
628,14,QSPBTC,0.00000098,0.00000096,0.025614930750563356,
629,14,RAREBTC,0.00003074,0.00003041,0.010700712178720113,
630,14,MITHBTC,0.00000081,0.00000078,0.07328403733476187,
631,14,RSRBTC,0.00000057,0.00000055,0.008339313183274211,
632,14,YOYOBTC,0.00000039,0.00000038,0.03003759317317237,
633,14,YGGBTC,0.00010810,0.00010750,0.021079121485034574,
634,14,MBOXBTC,0.00007424,0.00007277,0.08147971483585502,
635,14,CLVBTC,0.00001969,0.00001972,0.027550407115337117,
636,14,SUPERBTC,0.00001160,0.00001142,0.10794608224954665,
637,14,UNIBTC,0.00042230,0.00041820,0.0323825393222749,
638,14,BELBTC,0.00004449,0.00004375,0.06409665939989642,
639,14,JSTBTC,0.00000127,0.00000124,0.033809965496785235,
640,14,SNXBTC,0.00016190,0.00015960,0.005735223858176082,
641,14,MDTBTC,0.00000070,0.00000068,0.009906357378445647,
642,14,LINKBTC,0.00044090,0.00043920,0.016167055112227564,
643,14,MDABTC,0.00001260,0.00001255,0.00688413372821007,
644,14,EZBTC,0.00008370,0.00008340,0.013785261599490858,
645,14,BCDBTC,0.00003815,0.00003815,0.06440346486853883,
646,15,ALPACABTC,0.00001531,0.00001527,0.08598956378784552,
647,15,MDXBTC,0.00002129,0.00002125,0.02287020065578749,
648,15,CAKEBTC,0.00031940,0.00032060,0.018531323866800245,
649,15,REEFBTC,0.00000044,0.00000043,0.0583025556884228,
650,15,GOBTC,0.00000054,0.00000053,0.030997641331041364,
651,15,NASBTC,0.00000660,0.00000650,0.06907199333121927,
652,15,QLCBTC,0.00000056,0.00000056,0.00969113924987263,
653,15,XVGBTC,0.00000041,0.00000040,0.07885111266383125,
654,15,FUNBTC,0.00000034,0.00000033,0.0009820862003936091,
655,15,QTUMBTC,0.00020740,0.00020600,0.006252396643121078,
656,15,C98BTC,0.00005758,0.00005710,0.012579875211506376,
657,15,LINABTC,0.00000085,0.00000084,0.03849440563485566,
658,15,STMXBTC,0.00000051,0.00000050,0.03218336184629699,
659,15,TCTBTC,0.00000051,0.00000050,0.057749966078442926,
660,15,PHBBTC,0.00000016,0.00000015,0.04535391798850715,
661,15,QKCBTC,0.00000052,0.00000050,0.08869472481796498,
662,15,CNDBTC,0.00000027,0.00000026,0.010161424574993881,
663,15,VIBBTC,0.00000091,0.00000090,0.015163596560742822,
664,15,MTHBTC,0.00000063,0.00000061,0.044265079474929483,
665,15,BAKEBTC,0.00003417,0.00003433,0.006903214451160382,
666,15,CKBBTC,0.00000027,0.00000026,0.010177062841690473,
667,15,CELOBTC,0.00009509,0.00009422,0.02196160728037426,
668,15,VIDTBTC,0.00001630,0.00001624,0.08684115926712803,
669,15,AVAXBTC,0.00090810,0.00090380,0.025551618035597363,
670,15,LUNABTC,0.00059790,0.00059790,0.041156759113246524,
671,15,SANDBTC,0.00001205,0.00001204,0.027682910705652167,
672,15,SRMBTC,0.00012280,0.00012220,0.0034793302158180554,
673,15,DGBBTC,0.00000082,0.00000081,0.00030993364755651115,
674,15,COSBTC,0.00000036,0.00000035,0.086530559264595,
675,15,PIVXBTC,0.00001213,0.00001205,0.04279606877041772,
676,15,MANABTC,0.00001230,0.00001229,0.05596696370322257,
677,15,AMBBTC,0.00000058,0.00000057,0.002091126977712031,
678,15,TRXBTC,0.00000161,0.00000161,0.06546436770923576,
679,15,IOTABTC,0.00002114,0.00002111,0.002182430244394029,
680,15,AKROBTC,0.00000050,0.00000049,0.05777750560101715,
681,15,IDEXBTC,0.00000493,0.00000495,0.10439326043263643,
682,15,FTTBTC,0.00092690,0.00092190,0.07164939194300698,
683,15,XTZBTC,0.00011149,0.00011133,0.04010759708080245,
684,15,ATOMBTC,0.00053940,0.00053420,0.009064454509675399,
685,15,FETBTC,0.00001184,0.00001190,0.03512081899370153,
686,15,SCBTC,0.00000031,0.00000030,0.05397909302874509,
687,15,BTSBTC,0.00000080,0.00000079,0.04973333939111911,
688,15,WAVESBTC,0.00049180,0.00048980,0.15338244960959393,
689,15,RADBTC,0.00020590,0.00020410,0.0031407670177068373,
690,15,AVABTC,0.00004870,0.00004755,0.0010213727334836868,
691,15,TKOBTC,0.00003174,0.00003177,0.065996507479882,
692,15,DOTBTC,0.00069360,0.00069420,0.0950786923025126,
693,15,QSPBTC,0.00000097,0.00000095,0.028759785276267373,
694,15,RAREBTC,0.00003026,0.00003059,0.010700712178720113,
695,15,MITHBTC,0.00000079,0.00000078,0.032053539390400204,
696,15,RSRBTC,0.00000056,0.00000056,0.022719060079335628,
697,15,YOYOBTC,0.00000039,0.00000038,0.0021623430293606347,
698,15,YGGBTC,0.00010700,0.00010810,0.021079121485034574,
699,15,MBOXBTC,0.00007244,0.00007293,0.002078805119680367,
700,15,CLVBTC,0.00001988,0.00001981,0.027550407115337117,
701,15,SUPERBTC,0.00001138,0.00001140,0.10794608224954665,
702,15,UNIBTC,0.00041910,0.00042020,0.02204976259493056,
703,15,BELBTC,0.00004359,0.00004311,0.06409665939989642,
704,15,JSTBTC,0.00000125,0.00000124,0.033809965496785235,
705,15,SNXBTC,0.00015980,0.00015890,0.005735223858176082,
706,15,MDTBTC,0.00000069,0.00000068,0.009906357378445647,
707,15,LINKBTC,0.00043890,0.00043710,0.006853024544929733,
708,15,MDABTC,0.00001256,0.00001258,0.00688413372821007,
709,15,EZBTC,0.00008345,0.00008363,0.013785261599490858,
710,15,BCDBTC,0.00003841,0.00003809,0.06440346486853883,
711,15,TRUBTC,0.00000802,0.00000796,0.07038177946525782,
712,15,BANDBTC,0.00013290,0.00013370,0.00785317482403732,
713,15,POABTC,0.00000061,0.00000060,0.009826826535623678,
714,16,ALPACABTC,0.00001552,0.00001547,0.08598956378784552,
715,16,MDXBTC,0.00002129,0.00002136,0.02287020065578749,
716,16,CAKEBTC,0.00032230,0.00032300,0.0481248556555527,
717,16,REEFBTC,0.00000043,0.00000043,0.0583025556884228,
718,16,GOBTC,0.00000054,0.00000053,0.008427629733996106,
719,16,NASBTC,0.00000660,0.00000650,0.06907199333121927,
720,16,QLCBTC,0.00000057,0.00000055,0.00969113924987263,
721,16,XVGBTC,0.00000041,0.00000040,0.001746192567867428,
722,16,FUNBTC,0.00000034,0.00000033,0.05001384973791652,
723,16,QTUMBTC,0.00020790,0.00020750,0.006252396643121078,
724,16,C98BTC,0.00005747,0.00005759,0.012579875211506376,
725,16,LINABTC,0.00000085,0.00000084,0.03849440563485566,
726,16,STMXBTC,0.00000051,0.00000050,0.03218336184629699,
727,16,TCTBTC,0.00000051,0.00000051,0.057749966078442926,
728,16,PHBBTC,0.00000016,0.00000015,0.0636277763144423,
729,16,QKCBTC,0.00000051,0.00000050,0.07898953476224442,
730,16,CNDBTC,0.00000027,0.00000026,0.010161424574993881,
731,16,VIBBTC,0.00000092,0.00000091,0.015163596560742822,
732,16,MTHBTC,0.00000061,0.00000061,0.01064902692169441,
733,16,BAKEBTC,0.00003443,0.00003439,0.006903214451160382,
734,16,CKBBTC,0.00000027,0.00000026,0.10452440746703404,
735,16,CELOBTC,0.00009488,0.00009507,0.02196160728037426,
736,16,VIDTBTC,0.00001638,0.00001651,0.08684115926712803,
737,16,AVAXBTC,0.00090940,0.00090760,0.025551618035597363,
738,16,LUNABTC,0.00060130,0.00060220,0.005608724439973021,
739,16,SANDBTC,0.00001213,0.00001210,0.027682910705652167,
740,16,SRMBTC,0.00012230,0.00012190,0.0034793302158180554,
741,16,DGBBTC,0.00000082,0.00000081,0.06562310439439331,
742,16,COSBTC,0.00000036,0.00000035,0.086530559264595,
743,16,PIVXBTC,0.00001202,0.00001214,0.01541326966817533,
744,16,MANABTC,0.00001236,0.00001233,0.020601863847680937,
745,16,AMBBTC,0.00000058,0.00000057,0.002091126977712031,
746,16,TRXBTC,0.00000162,0.00000161,0.06546436770923576,
747,16,IOTABTC,0.00002120,0.00002115,0.002182430244394029,
748,16,AKROBTC,0.00000050,0.00000049,0.02628171927958429,
749,16,IDEXBTC,0.00000497,0.00000500,0.10439326043263643,
750,16,FTTBTC,0.00092650,0.00092680,0.07711813135747606,
751,16,XTZBTC,0.00011267,0.00011200,0.04010759708080245,
752,16,ATOMBTC,0.00053590,0.00053710,0.009064454509675399,
753,16,FETBTC,0.00001190,0.00001219,0.03512081899370153,
754,16,SCBTC,0.00000031,0.00000030,0.1040957632245414,
755,16,BTSBTC,0.00000080,0.00000080,0.0338127055815096,
756,16,WAVESBTC,0.00049370,0.00049240,0.15338244960959393,
757,16,RADBTC,0.00020560,0.00020580,0.0031407670177068373,
758,16,AVABTC,0.00004791,0.00004784,0.019519979792042435,
759,16,TKOBTC,0.00003203,0.00003204,0.065996507479882,
760,16,DOTBTC,0.00069940,0.00070830,0.0950786923025126,
761,16,QSPBTC,0.00000097,0.00000096,0.028759785276267373,
762,16,RAREBTC,0.00003041,0.00003079,0.0013355007159914266,
763,16,MITHBTC,0.00000080,0.00000079,0.032053539390400204,
764,16,RSRBTC,0.00000057,0.00000056,0.00014531490077856712,
765,16,YOYOBTC,0.00000039,0.00000038,0.07454876009064584,
766,16,YGGBTC,0.00010900,0.00010860,0.029141062682091243,
767,16,MBOXBTC,0.00007313,0.00007307,0.09355689088148583,
768,16,CLVBTC,0.00002004,0.00002017,0.027550407115337117,
769,16,SUPERBTC,0.00001141,0.00001144,0.10794608224954665,
770,16,UNIBTC,0.00042250,0.00042140,0.02204976259493056,
771,16,BELBTC,0.00004318,0.00004287,0.06409665939989642,
772,16,JSTBTC,0.00000125,0.00000124,0.033809965496785235,
773,16,SNXBTC,0.00015980,0.00015990,0.005735223858176082,
774,16,MDTBTC,0.00000069,0.00000069,0.009906357378445647,
775,16,LINKBTC,0.00044020,0.00043850,0.006853024544929733,
776,16,MDABTC,0.00001256,0.00001258,0.00688413372821007,
777,16,EZBTC,0.00008379,0.00008278,0.013785261599490858,
778,16,BCDBTC,0.00003855,0.00003836,0.06440346486853883,
779,16,TRUBTC,0.00000801,0.00000794,0.07038177946525782,
780,16,BANDBTC,0.00013450,0.00013350,0.00785317482403732,
781,16,POABTC,0.00000061,0.00000062,0.06709393598288267,
782,17,ALPACABTC,0.00001553,0.00001545,0.08598956378784552,
783,17,MDXBTC,0.00002137,0.00002130,0.1569443749785015,
784,17,CAKEBTC,0.00032300,0.00032330,0.0481248556555527,
785,17,REEFBTC,0.00000044,0.00000043,0.0583025556884228,
786,17,GOBTC,0.00000054,0.00000053,0.018577341456505227,
787,17,NASBTC,0.00000660,0.00000660,0.06907199333121927,
788,17,QLCBTC,0.00000057,0.00000055,0.00969113924987263,
789,17,XVGBTC,0.00000041,0.00000040,0.010095952962047437,
790,17,FUNBTC,0.00000034,0.00000033,0.004697138041237488,
791,17,QTUMBTC,0.00020770,0.00020660,0.006252396643121078,
792,17,C98BTC,0.00005766,0.00005742,0.012579875211506376,
793,17,LINABTC,0.00000085,0.00000085,0.03849440563485566,
794,17,STMXBTC,0.00000051,0.00000050,0.05276395872545865,
795,17,TCTBTC,0.00000052,0.00000051,0.008006191583006927,
796,17,PHBBTC,0.00000016,0.00000015,0.1247487232775701,
797,17,QKCBTC,0.00000051,0.00000050,0.16675306339691798,
798,17,CNDBTC,0.00000027,0.00000026,0.010161424574993881,
799,17,VIBBTC,0.00000092,0.00000091,0.015163596560742822,
800,17,MTHBTC,0.00000062,0.00000060,0.10347598662374122,
801,17,BAKEBTC,0.00003433,0.00003409,0.006903214451160382,
802,17,CKBBTC,0.00000027,0.00000025,0.15040508862277963,
803,17,CELOBTC,0.00009540,0.00009559,0.07431691465049077,
804,17,VIDTBTC,0.00001660,0.00001651,0.08684115926712803,
805,17,AVAXBTC,0.00090840,0.00091730,0.025551618035597363,
806,17,LUNABTC,0.00060270,0.00060120,0.005608724439973021,
807,17,SANDBTC,0.00001211,0.00001208,0.027682910705652167,
808,17,SRMBTC,0.00012210,0.00012220,0.0034793302158180554,
809,17,DGBBTC,0.00000082,0.00000081,0.06562310439439331,
810,17,COSBTC,0.00000036,0.00000036,0.0018674030431166018,
811,17,PIVXBTC,0.00001219,0.00001203,0.01541326966817533,
812,17,MANABTC,0.00001236,0.00001235,0.020601863847680937,
813,17,AMBBTC,0.00000058,0.00000057,0.002091126977712031,
814,17,TRXBTC,0.00000162,0.00000160,0.06546436770923576,
815,17,IOTABTC,0.00002119,0.00002109,0.002182430244394029,
816,17,AKROBTC,0.00000050,0.00000050,0.0019497672364960682,
817,17,IDEXBTC,0.00000499,0.00000500,0.10439326043263643,
818,17,FTTBTC,0.00092840,0.00092810,0.0030223684317577906,
819,17,XTZBTC,0.00011183,0.00011160,0.04010759708080245,
820,17,ATOMBTC,0.00053710,0.00053850,0.009064454509675399,
821,17,FETBTC,0.00001224,0.00001227,0.049277528427528576,
822,17,SCBTC,0.00000031,0.00000030,0.051678300446607955,
823,17,BTSBTC,0.00000081,0.00000080,0.0338127055815096,
824,17,WAVESBTC,0.00049250,0.00049330,0.15338244960959393,
825,17,RADBTC,0.00020750,0.00020980,0.0031407670177068373,
826,17,AVABTC,0.00004796,0.00004818,0.019519979792042435,
827,17,TKOBTC,0.00003218,0.00003229,0.065996507479882,
828,17,DOTBTC,0.00070710,0.00070530,0.0950786923025126,
829,17,QSPBTC,0.00000097,0.00000097,0.028759785276267373,
830,17,RAREBTC,0.00003090,0.00003060,0.0013355007159914266,
831,17,MITHBTC,0.00000080,0.00000079,0.032053539390400204,
832,17,RSRBTC,0.00000057,0.00000056,0.00014531490077856712,
833,17,YOYOBTC,0.00000039,0.00000038,0.021170123790626962,
834,17,YGGBTC,0.00011030,0.00010890,0.029141062682091243,
835,17,MBOXBTC,0.00007311,0.00007294,0.09355689088148583,
836,17,CLVBTC,0.00002019,0.00002032,0.027550407115337117,
837,17,SUPERBTC,0.00001146,0.00001142,0.10794608224954665,
838,17,UNIBTC,0.00042140,0.00042070,0.02204976259493056,
839,17,BELBTC,0.00004291,0.00004270,0.06409665939989642,
840,17,JSTBTC,0.00000125,0.00000123,0.033809965496785235,
841,17,SNXBTC,0.00016000,0.00015900,0.005735223858176082,
842,17,MDTBTC,0.00000070,0.00000069,0.009906357378445647,
843,17,LINKBTC,0.00043890,0.00043800,0.006853024544929733,
844,17,MDABTC,0.00001260,0.00001258,0.00688413372821007,
845,17,EZBTC,0.00008295,0.00008340,0.013785261599490858,
846,17,BCDBTC,0.00003835,0.00003825,0.06440346486853883,
847,17,TRUBTC,0.00000806,0.00000798,0.07038177946525782,
848,17,BANDBTC,0.00013370,0.00013390,0.00785317482403732,
849,17,POABTC,0.00000063,0.00000062,0.00024977430560918615,
850,18,ALPACABTC,0.00001548,0.00001531,0.08598956378784552,
851,18,MDXBTC,0.00002131,0.00002139,0.011488559528466401,
852,18,CAKEBTC,0.00032330,0.00032340,0.06939647205015023,
853,18,REEFBTC,0.00000044,0.00000043,0.0583025556884228,
854,18,GOBTC,0.00000054,0.00000053,0.014252462188722,
855,18,NASBTC,0.00000670,0.00000660,0.06907199333121927,
856,18,QLCBTC,0.00000056,0.00000055,0.00969113924987263,
857,18,XVGBTC,0.00000041,0.00000040,0.09407604086595615,
858,18,FUNBTC,0.00000034,0.00000033,0.03963840559882263,
859,18,QTUMBTC,0.00020690,0.00020730,0.006252396643121078,
860,18,C98BTC,0.00005757,0.00005802,0.012579875211506376,
861,18,LINABTC,0.00000086,0.00000084,0.03849440563485566,
862,18,STMXBTC,0.00000051,0.00000051,0.01697053265914705,
863,18,TCTBTC,0.00000052,0.00000051,0.10594911370965557,
864,18,PHBBTC,0.00000016,0.00000015,0.12576929539773027,
865,18,QKCBTC,0.00000051,0.00000050,0.16675306339691798,
866,18,CNDBTC,0.00000027,0.00000026,0.010161424574993881,
867,18,VIBBTC,0.00000092,0.00000091,0.13440016501154012,
868,18,MTHBTC,0.00000061,0.00000061,0.004107672064937675,
869,18,BAKEBTC,0.00003408,0.00003420,0.006903214451160382,
870,18,CKBBTC,0.00000027,0.00000026,0.06517404234065102,
871,18,CELOBTC,0.00009586,0.00009500,0.07431691465049077,
872,18,VIDTBTC,0.00001662,0.00001644,0.08684115926712803,
873,18,AVAXBTC,0.00091530,0.00091290,0.025551618035597363,
874,18,LUNABTC,0.00060270,0.00060270,0.005608724439973021,
875,18,SANDBTC,0.00001208,0.00001218,0.027682910705652167,
876,18,SRMBTC,0.00012200,0.00012150,0.0034793302158180554,
877,18,DGBBTC,0.00000082,0.00000081,0.06562310439439331,
878,18,COSBTC,0.00000037,0.00000035,0.0018674030431166018,
879,18,PIVXBTC,0.00001208,0.00001201,0.01541326966817533,
880,18,MANABTC,0.00001241,0.00001249,0.020601863847680937,
881,18,AMBBTC,0.00000058,0.00000060,0.002091126977712031,
882,18,TRXBTC,0.00000161,0.00000161,0.06546436770923576,
883,18,IOTABTC,0.00002110,0.00002109,0.002182430244394029,
884,18,AKROBTC,0.00000051,0.00000049,0.03419107770284408,
885,18,IDEXBTC,0.00000504,0.00000498,0.10439326043263643,
886,18,FTTBTC,0.00092880,0.00092660,0.0030223684317577906,
887,18,XTZBTC,0.00011172,0.00011210,0.04010759708080245,
888,18,ATOMBTC,0.00053940,0.00054190,0.009064454509675399,
889,18,FETBTC,0.00001232,0.00001234,0.049277528427528576,
890,18,SCBTC,0.00000031,0.00000030,0.0053723344454875465,
891,18,BTSBTC,0.00000080,0.00000080,0.0338127055815096,
892,18,WAVESBTC,0.00049250,0.00049130,0.15338244960959393,
893,18,RADBTC,0.00020990,0.00021120,0.0031407670177068373,
894,18,AVABTC,0.00004817,0.00004794,0.023894453991573607,
895,18,TKOBTC,0.00003211,0.00003223,0.065996507479882,
896,18,DOTBTC,0.00070710,0.00071180,0.0950786923025126,
897,18,QSPBTC,0.00000098,0.00000097,0.028759785276267373,
898,18,RAREBTC,0.00003056,0.00003108,0.004320439542273817,
899,18,MITHBTC,0.00000080,0.00000079,0.032053539390400204,
900,18,RSRBTC,0.00000057,0.00000057,0.00014531490077856712,
901,18,YOYOBTC,0.00000039,0.00000038,0.049800965425331994,
902,18,YGGBTC,0.00010990,0.00010890,0.10166859084179596,
903,18,MBOXBTC,0.00007297,0.00007239,0.03845825590023053,
904,18,CLVBTC,0.00002029,0.00002023,0.027550407115337117,
905,18,SUPERBTC,0.00001144,0.00001143,0.10794608224954665,
906,18,UNIBTC,0.00042030,0.00042280,0.02204976259493056,
907,18,BELBTC,0.00004276,0.00004258,0.06409665939989642,
908,18,JSTBTC,0.00000124,0.00000123,0.033809965496785235,
909,18,SNXBTC,0.00015920,0.00016000,0.005735223858176082,
910,18,MDTBTC,0.00000070,0.00000069,0.009906357378445647,
911,18,LINKBTC,0.00043940,0.00044300,0.006853024544929733,
912,18,MDABTC,0.00001259,0.00001253,0.00688413372821007,
913,18,EZBTC,0.00008353,0.00008326,0.013785261599490858,
914,18,BCDBTC,0.00003849,0.00003800,0.06440346486853883,
915,18,TRUBTC,0.00000799,0.00000796,0.07038177946525782,
916,18,BANDBTC,0.00013500,0.00013450,0.00785317482403732,
917,18,POABTC,0.00000063,0.00000062,0.00024977430560918615,
918,18,COTIBTC,0.00000814,0.00000812,0.06107112073468345,
919,19,ALPACABTC,0.00001534,0.00001529,0.08598956378784552,
920,19,MDXBTC,0.00002145,0.00002137,0.005061237548849063,
921,19,CAKEBTC,0.00032390,0.00032250,0.017488741563225742,
922,19,REEFBTC,0.00000044,0.00000044,0.0583025556884228,
923,19,GOBTC,0.00000054,0.00000052,0.014252462188722,
924,19,NASBTC,0.00000670,0.00000660,0.06907199333121927,
925,19,QLCBTC,0.00000055,0.00000054,0.00969113924987263,
926,19,XVGBTC,0.00000041,0.00000040,0.030475783636343234,
927,19,FUNBTC,0.00000034,0.00000033,0.040960581753290204,
928,19,QTUMBTC,0.00020700,0.00020780,0.013905173042547635,
929,19,C98BTC,0.00005803,0.00005821,0.012579875211506376,
930,19,LINABTC,0.00000086,0.00000084,0.03849440563485566,
931,19,STMXBTC,0.00000051,0.00000050,0.01697053265914705,
932,19,TCTBTC,0.00000052,0.00000051,0.006551487618876147,
933,19,PHBBTC,0.00000016,0.00000015,0.12576929539773027,
934,19,QKCBTC,0.00000051,0.00000049,0.05277066431430981,
935,19,CNDBTC,0.00000027,0.00000026,0.031068281839598477,
936,19,VIBBTC,0.00000091,0.00000090,0.06217976001755697,
937,19,MTHBTC,0.00000062,0.00000061,0.0033267283109934317,
938,19,BAKEBTC,0.00003436,0.00003487,0.04253041924382716,
939,19,CKBBTC,0.00000027,0.00000026,0.01858128133168863,
940,19,CELOBTC,0.00009505,0.00009545,0.003015121677976958,
941,19,VIDTBTC,0.00001639,0.00001661,0.08684115926712803,
942,19,AVAXBTC,0.00091360,0.00091310,0.025551618035597363,
943,19,LUNABTC,0.00060470,0.00060440,0.019208885161701522,
944,19,SANDBTC,0.00001216,0.00001212,0.061300876273229624,
945,19,SRMBTC,0.00012210,0.00012080,0.0025338821615966565,
946,19,DGBBTC,0.00000082,0.00000081,0.020254699307535554,
947,19,COSBTC,0.00000036,0.00000035,0.054175667414377904,
948,19,PIVXBTC,0.00001210,0.00001202,0.010893135865008051,
949,19,MANABTC,0.00001248,0.00001240,0.020601863847680937,
950,19,AMBBTC,0.00000061,0.00000060,0.054430949084136156,
951,19,TRXBTC,0.00000162,0.00000161,0.06546436770923576,
952,19,IOTABTC,0.00002108,0.00002104,0.002182430244394029,
953,19,AKROBTC,0.00000050,0.00000050,0.054375211329568796,
954,19,IDEXBTC,0.00000501,0.00000500,0.10439326043263643,
955,19,FTTBTC,0.00092690,0.00092210,0.005668371293952683,
956,19,XTZBTC,0.00011255,0.00011307,0.034184135516514766,
957,19,ATOMBTC,0.00054660,0.00054360,0.0003649582263842314,
958,19,FETBTC,0.00001252,0.00001226,0.049277528427528576,
959,19,SCBTC,0.00000031,0.00000030,0.006606364922657773,
960,19,BTSBTC,0.00000081,0.00000081,0.03345490592584074,
961,19,WAVESBTC,0.00049240,0.00048900,0.056866866454351,
962,19,RADBTC,0.00020940,0.00020580,0.0031407670177068373,
963,19,AVABTC,0.00004786,0.00004754,0.01366236762444789,
964,19,TKOBTC,0.00003241,0.00003241,0.065996507479882,
965,19,DOTBTC,0.00071950,0.00071390,0.0950786923025126,
966,19,QSPBTC,0.00000098,0.00000097,0.028759785276267373,
967,19,RAREBTC,0.00003125,0.00003058,0.004320439542273817,
968,19,MITHBTC,0.00000080,0.00000079,0.005971139444527317,
969,19,RSRBTC,0.00000058,0.00000057,0.00014531490077856712,
970,19,YOYOBTC,0.00000039,0.00000038,0.0456721503036103,
971,19,YGGBTC,0.00010910,0.00010900,0.017369309881767585,
972,19,MBOXBTC,0.00007294,0.00007256,0.004102044881608999,
973,19,CLVBTC,0.00002017,0.00002011,0.027550407115337117,
974,19,SUPERBTC,0.00001146,0.00001156,0.10794608224954665,
975,19,UNIBTC,0.00042180,0.00042200,0.05316529539600909,
976,19,BELBTC,0.00004267,0.00004258,0.06409665939989642,
977,19,JSTBTC,0.00000125,0.00000123,0.019805452475794596,
978,19,SNXBTC,0.00016080,0.00016000,0.005735223858176082,
979,19,MDTBTC,0.00000070,0.00000068,0.040215660193697295,
980,19,LINKBTC,0.00044260,0.00044210,0.006853024544929733,
981,19,MDABTC,0.00001253,0.00001252,0.00688413372821007,
982,19,EZBTC,0.00008329,0.00008410,0.013785261599490858,
983,19,BCDBTC,0.00003806,0.00003792,0.06440346486853883,
984,19,TRUBTC,0.00000784,0.00000779,0.018463848626987397,
985,19,BANDBTC,0.00013460,0.00013370,0.00785317482403732,
986,19,POABTC,0.00000062,0.00000063,0.00024977430560918615,
987,19,COTIBTC,0.00000815,0.00000815,0.06107112073468345,
988,19,MINABTC,0.00006961,0.00006958,0.014357146702276816,
989,19,RENBTC,0.00001703,0.00001702,0.006424865923529176,
990,19,POLYBTC,0.00001172,0.00001164,0.018556547709804652,
991,20,ALPACABTC,0.00001533,0.00001530,0.08598956378784552,
992,20,MDXBTC,0.00002138,0.00002133,0.005061237548849063,
993,20,CAKEBTC,0.00032170,0.00032480,0.011438013044680905,
994,20,REEFBTC,0.00000045,0.00000043,0.0583025556884228,
995,20,GOBTC,0.00000054,0.00000053,0.014252462188722,
996,20,NASBTC,0.00000670,0.00000660,0.06907199333121927,
997,20,QLCBTC,0.00000056,0.00000054,0.00969113924987263,
998,20,XVGBTC,0.00000041,0.00000040,0.07347577076361024,
999,20,FUNBTC,0.00000034,0.00000033,0.06888462414274103,
1000,20,QTUMBTC,0.00020780,0.00020900,0.013905173042547635,
1001,20,C98BTC,0.00005835,0.00005867,0.012579875211506376,
1002,20,LINABTC,0.00000085,0.00000086,0.03849440563485566,
1003,20,STMXBTC,0.00000051,0.00000051,0.01697053265914705,
1004,20,TCTBTC,0.00000052,0.00000051,0.006551487618876147,
1005,20,PHBBTC,0.00000016,0.00000015,0.12576929539773027,
1006,20,QKCBTC,0.00000050,0.00000049,0.12418076423367057,
1007,20,CNDBTC,0.00000027,0.00000026,0.005021198902380103,
1008,20,VIBBTC,0.00000091,0.00000090,0.06217976001755697,
1009,20,MTHBTC,0.00000062,0.00000061,0.03255226216705965,
1010,20,BAKEBTC,0.00003467,0.00003495,0.04253041924382716,
1011,20,CKBBTC,0.00000027,0.00000026,0.11830276152538276,
1012,20,CELOBTC,0.00009536,0.00009647,0.003015121677976958,
1013,20,VIDTBTC,0.00001671,0.00001663,0.08684115926712803,
1014,20,AVAXBTC,0.00091020,0.00091840,0.007026453644208209,
1015,20,LUNABTC,0.00060060,0.00060620,0.0032428245124592613,
1016,20,SANDBTC,0.00001207,0.00001217,0.061300876273229624,
1017,20,SRMBTC,0.00012050,0.00012160,0.0025338821615966565,
1018,20,DGBBTC,0.00000083,0.00000082,0.020254699307535554,
1019,20,COSBTC,0.00000036,0.00000035,0.057443089779473704,
1020,20,PIVXBTC,0.00001204,0.00001206,0.010893135865008051,
1021,20,MANABTC,0.00001241,0.00001245,0.020601863847680937,
1022,20,AMBBTC,0.00000060,0.00000059,0.054430949084136156,
1023,20,TRXBTC,0.00000162,0.00000161,0.06546436770923576,
1024,20,IOTABTC,0.00002102,0.00002114,0.002182430244394029,
1025,20,AKROBTC,0.00000051,0.00000051,0.054375211329568796,
1026,20,IDEXBTC,0.00000502,0.00000505,0.10439326043263643,
1027,20,FTTBTC,0.00092300,0.00092320,0.005668371293952683,
1028,20,XTZBTC,0.00011260,0.00011312,0.022758645468993793,
1029,20,ATOMBTC,0.00054370,0.00054650,0.028210620823628733,
1030,20,FETBTC,0.00001230,0.00001234,0.049277528427528576,
1031,20,SCBTC,0.00000031,0.00000030,0.06584255367460635,
1032,20,BTSBTC,0.00000082,0.00000081,0.02208591177120415,
1033,20,WAVESBTC,0.00048890,0.00049240,0.056866866454351,
1034,20,RADBTC,0.00020510,0.00020470,0.014222630302815268,
1035,20,AVABTC,0.00004746,0.00004775,0.07765937142692896,
1036,20,TKOBTC,0.00003231,0.00003245,0.11941019463784454,
1037,20,DOTBTC,0.00071490,0.00071930,0.0950786923025126,
1038,20,QSPBTC,0.00000098,0.00000097,0.028759785276267373,
1039,20,RAREBTC,0.00003110,0.00003059,0.004320439542273817,
1040,20,MITHBTC,0.00000080,0.00000080,0.02094242854519378,
1041,20,RSRBTC,0.00000058,0.00000057,0.00014531490077856712,
1042,20,YOYOBTC,0.00000039,0.00000038,0.11998264491198367,
1043,20,YGGBTC,0.00010840,0.00010850,0.017369309881767585,
1044,20,MBOXBTC,0.00007227,0.00007284,0.0073172357211342565,
1045,20,CLVBTC,0.00002041,0.00002184,0.027550407115337117,
1046,20,SUPERBTC,0.00001152,0.00001155,0.10794608224954665,
1047,20,UNIBTC,0.00042050,0.00042320,0.05316529539600909,
1048,20,BELBTC,0.00004253,0.00004245,0.06409665939989642,
1049,20,JSTBTC,0.00000124,0.00000124,0.019805452475794596,
1050,20,SNXBTC,0.00016010,0.00016090,0.005735223858176082,
1051,20,MDTBTC,0.00000070,0.00000069,0.040215660193697295,
1052,20,LINKBTC,0.00044100,0.00044550,0.006853024544929733,
1053,20,MDABTC,0.00001255,0.00001253,0.00688413372821007,
1054,20,EZBTC,0.00008433,0.00008410,0.013785261599490858,
1055,20,BCDBTC,0.00003805,0.00003805,0.06440346486853883,
1056,20,TRUBTC,0.00000774,0.00000784,0.018463848626987397,
1057,20,BANDBTC,0.00013350,0.00013520,0.00785317482403732,
1058,20,POABTC,0.00000064,0.00000063,0.00024977430560918615,
1059,20,COTIBTC,0.00000815,0.00000821,0.06107112073468345,
1060,20,MINABTC,0.00006948,0.00006946,0.014357146702276816,
1061,20,RENBTC,0.00001699,0.00001711,0.006424865923529176,
1062,20,POLYBTC,0.00001164,0.00001181,0.018556547709804652,
1063,21,ALPACABTC,0.00001531,0.00001529,0.05553226888557875,
1064,21,MDXBTC,0.00002132,0.00002126,0.009018976414265783,
1065,21,CAKEBTC,0.00032470,0.00032490,0.011438013044680905,
1066,21,REEFBTC,0.00000044,0.00000042,0.0583025556884228,
1067,21,GOBTC,0.00000054,0.00000053,0.0012824380179892556,
1068,21,NASBTC,0.00000670,0.00000670,0.06351743896553266,
1069,21,QLCBTC,0.00000055,0.00000055,0.00969113924987263,
1070,21,XVGBTC,0.00000041,0.00000040,0.06808273896921518,
1071,21,FUNBTC,0.00000034,0.00000033,0.010548223048720712,
1072,21,QTUMBTC,0.00020950,0.00020630,0.013905173042547635,
1073,21,C98BTC,0.00005859,0.00005831,0.012579875211506376,
1074,21,LINABTC,0.00000087,0.00000086,0.03849440563485566,
1075,21,STMXBTC,0.00000052,0.00000050,0.02324782942513891,
1076,21,TCTBTC,0.00000052,0.00000052,0.05080791834083569,
1077,21,PHBBTC,0.00000016,0.00000015,0.12576929539773027,
1078,21,QKCBTC,0.00000050,0.00000049,0.08058533905466984,
1079,21,CNDBTC,0.00000027,0.00000026,0.061328135972746195,
1080,21,VIBBTC,0.00000091,0.00000093,0.06217976001755697,
1081,21,MTHBTC,0.00000062,0.00000062,0.00010237008879707567,
1082,21,BAKEBTC,0.00003488,0.00003464,0.04253041924382716,
1083,21,CKBBTC,0.00000027,0.00000026,0.07705729468779259,
1084,21,CELOBTC,0.00009652,0.00009626,0.031523429244793275,
1085,21,VIDTBTC,0.00001666,0.00001657,0.08684115926712803,
1086,21,AVAXBTC,0.00092330,0.00091870,0.04108492641285661,
1087,21,LUNABTC,0.00060600,0.00060370,0.0032428245124592613,
1088,21,SANDBTC,0.00001215,0.00001205,0.061300876273229624,
1089,21,SRMBTC,0.00012170,0.00012080,0.0025338821615966565,
1090,21,DGBBTC,0.00000083,0.00000082,0.020254699307535554,
1091,21,COSBTC,0.00000036,0.00000035,0.03319538801881349,
1092,21,PIVXBTC,0.00001207,0.00001206,0.010893135865008051,
1093,21,MANABTC,0.00001247,0.00001243,0.020601863847680937,
1094,21,AMBBTC,0.00000060,0.00000059,0.054430949084136156,
1095,21,TRXBTC,0.00000162,0.00000160,0.06546436770923576,
1096,21,IOTABTC,0.00002120,0.00002104,0.002182430244394029,
1097,21,AKROBTC,0.00000052,0.00000051,0.054375211329568796,
1098,21,IDEXBTC,0.00000505,0.00000501,0.10439326043263643,
1099,21,FTTBTC,0.00092450,0.00092070,0.005668371293952683,
1100,21,XTZBTC,0.00011340,0.00011250,0.022758645468993793,
1101,21,ATOMBTC,0.00054830,0.00054130,0.02816081944963449,
1102,21,FETBTC,0.00001231,0.00001229,0.049277528427528576,
1103,21,SCBTC,0.00000031,0.00000030,0.06584255367460635,
1104,21,BTSBTC,0.00000081,0.00000080,0.02208591177120415,
1105,21,WAVESBTC,0.00049220,0.00048810,0.056866866454351,
1106,21,RADBTC,0.00020620,0.00020460,0.0020708311423611996,
1107,21,AVABTC,0.00004779,0.00004762,0.07765937142692896,
1108,21,TKOBTC,0.00003227,0.00003233,0.11941019463784454,
1109,21,DOTBTC,0.00071850,0.00070820,0.0950786923025126,
1110,21,QSPBTC,0.00000098,0.00000097,0.028759785276267373,
1111,21,RAREBTC,0.00003076,0.00003068,0.0006152555713437542,
1112,21,MITHBTC,0.00000081,0.00000080,0.02094242854519378,
1113,21,RSRBTC,0.00000058,0.00000056,0.00014531490077856712,
1114,21,YOYOBTC,0.00000039,0.00000038,0.07547533179502681,
1115,21,YGGBTC,0.00010800,0.00010770,0.06451503238288234,
1116,21,MBOXBTC,0.00007303,0.00007321,0.08353317380870376,
1117,21,CLVBTC,0.00002178,0.00002202,0.027550407115337117,
1118,21,SUPERBTC,0.00001158,0.00001148,0.10794608224954665,
1119,21,UNIBTC,0.00042330,0.00042230,0.05316529539600909,
1120,21,BELBTC,0.00004238,0.00004200,0.06409665939989642,
1121,21,JSTBTC,0.00000125,0.00000123,0.019805452475794596,
1122,21,SNXBTC,0.00016100,0.00016000,0.005735223858176082,
1123,21,MDTBTC,0.00000070,0.00000069,0.040215660193697295,
1124,21,LINKBTC,0.00044490,0.00044170,0.006853024544929733,
1125,21,MDABTC,0.00001253,0.00001251,0.00688413372821007,
1126,21,EZBTC,0.00008412,0.00008410,0.07776100835916172,
1127,21,BCDBTC,0.00003817,0.00003790,0.06440346486853883,
1128,21,TRUBTC,0.00000788,0.00000853,0.018463848626987397,
1129,21,BANDBTC,0.00013560,0.00013540,0.00785317482403732,
1130,21,POABTC,0.00000064,0.00000063,0.00024977430560918615,
1131,21,COTIBTC,0.00000819,0.00000819,0.06107112073468345,
1132,21,MINABTC,0.00006961,0.00006929,0.014357146702276816,
1133,21,RENBTC,0.00001713,0.00001689,0.006424865923529176,
1134,21,POLYBTC,0.00001186,0.00001170,0.018556547709804652,
1135,21,SUSHIBTC,0.00017890,0.00017780,0.04476480512084942,
1136,21,GTOBTC,0.00000069,0.00000068,0.016189026822290464,
1137,22,ALPACABTC,0.00001535,0.00001513,0.057954085145071055,
1138,22,MDXBTC,0.00002130,0.00002115,0.005986251466933828,
1139,22,CAKEBTC,0.00032400,0.00032160,0.011438013044680905,
1140,22,REEFBTC,0.00000043,0.00000043,0.0583025556884228,
1141,22,GOBTC,0.00000054,0.00000053,0.0012824380179892556,
1142,22,NASBTC,0.00000690,0.00000680,0.06351743896553266,
1143,22,QLCBTC,0.00000056,0.00000055,0.00969113924987263,
1144,22,XVGBTC,0.00000041,0.00000040,0.02869983034245258,
1145,22,FUNBTC,0.00000034,0.00000033,0.06730897305547312,
1146,22,QTUMBTC,0.00020640,0.00020580,0.009299386038119906,
1147,22,C98BTC,0.00005828,0.00005822,0.012579875211506376,
1148,22,LINABTC,0.00000088,0.00000086,0.03849440563485566,
1149,22,STMXBTC,0.00000051,0.00000050,0.01030839146778173,
1150,22,TCTBTC,0.00000053,0.00000051,0.05080791834083569,
1151,22,PHBBTC,0.00000016,0.00000015,0.12576929539773027,
1152,22,QKCBTC,0.00000050,0.00000048,0.07147938104997602,
1153,22,CNDBTC,0.00000027,0.00000026,0.047829558312123814,
1154,22,VIBBTC,0.00000095,0.00000094,0.06217976001755697,
1155,22,MTHBTC,0.00000063,0.00000061,0.02912130390528607,
1156,22,BAKEBTC,0.00003447,0.00003454,0.04253041924382716,
1157,22,CKBBTC,0.00000027,0.00000026,0.05241401008953013,
1158,22,CELOBTC,0.00009628,0.00009547,0.032547717772429284,
1159,22,VIDTBTC,0.00001658,0.00001645,0.08684115926712803,
1160,22,AVAXBTC,0.00092030,0.00092080,0.04108492641285661,
1161,22,LUNABTC,0.00060070,0.00059780,0.014779116328576503,
1162,22,SANDBTC,0.00001202,0.00001197,0.061300876273229624,
1163,22,SRMBTC,0.00012050,0.00012000,0.02081246681573973,
1164,22,DGBBTC,0.00000083,0.00000082,0.019309897960700134,
1165,22,COSBTC,0.00000036,0.00000035,0.002492864598976308,
1166,22,PIVXBTC,0.00001207,0.00001200,0.010893135865008051,
1167,22,MANABTC,0.00001240,0.00001232,0.020601863847680937,
1168,22,AMBBTC,0.00000060,0.00000059,0.054430949084136156,
1169,22,TRXBTC,0.00000161,0.00000160,0.06546436770923576,
1170,22,IOTABTC,0.00002092,0.00002073,0.002182430244394029,
1171,22,AKROBTC,0.00000052,0.00000052,0.054375211329568796,
1172,22,IDEXBTC,0.00000505,0.00000497,0.10439326043263643,
1173,22,FTTBTC,0.00092130,0.00091810,0.005668371293952683,
1174,22,XTZBTC,0.00011206,0.00011160,0.022758645468993793,
1175,22,ATOMBTC,0.00053960,0.00053640,0.02816081944963449,
1176,22,FETBTC,0.00001234,0.00001201,0.049277528427528576,
1177,22,SCBTC,0.00000031,0.00000029,0.06584255367460635,
1178,22,BTSBTC,0.00000081,0.00000085,0.07456553853804423,
1179,22,WAVESBTC,0.00048740,0.00048530,0.056866866454351,
1180,22,RADBTC,0.00020470,0.00020370,0.015579588137019911,
1181,22,AVABTC,0.00004774,0.00004751,0.07765937142692896,
1182,22,TKOBTC,0.00003236,0.00003266,0.0674524529140423,
1183,22,DOTBTC,0.00070730,0.00070790,0.0950786923025126,
1184,22,QSPBTC,0.00000098,0.00000097,0.02430731480727118,
1185,22,RAREBTC,0.00003078,0.00003067,0.0010006011029548099,
1186,22,MITHBTC,0.00000081,0.00000080,0.02094242854519378,
1187,22,RSRBTC,0.00000057,0.00000056,0.00014531490077856712,
1188,22,YOYOBTC,0.00000039,0.00000038,0.06336238645625356,
1189,22,YGGBTC,0.00010810,0.00010700,0.06451503238288234,
1190,22,MBOXBTC,0.00007356,0.00007252,0.08353317380870376,
1191,22,CLVBTC,0.00002216,0.00002202,0.027550407115337117,
1192,22,SUPERBTC,0.00001149,0.00001153,0.10794608224954665,
1193,22,UNIBTC,0.00042120,0.00042090,0.05316529539600909,
1194,22,BELBTC,0.00004207,0.00004201,0.07867547029438811,
1195,22,JSTBTC,0.00000124,0.00000123,0.02951078615132334,
1196,22,SNXBTC,0.00015960,0.00015880,0.005735223858176082,
1197,22,MDTBTC,0.00000070,0.00000069,0.040215660193697295,
1198,22,LINKBTC,0.00044040,0.00043880,0.018536588929490637,
1199,22,MDABTC,0.00001255,0.00001255,0.00688413372821007,
1200,22,EZBTC,0.00008412,0.00008502,0.07776100835916172,
1201,22,BCDBTC,0.00003794,0.00003776,0.06440346486853883,
1202,22,TRUBTC,0.00000848,0.00000857,0.018463848626987397,
1203,22,BANDBTC,0.00013590,0.00013550,0.00785317482403732,
1204,22,POABTC,0.00000064,0.00000063,0.00024977430560918615,
1205,22,COTIBTC,0.00000818,0.00000813,0.04087312356644307,
1206,22,MINABTC,0.00006916,0.00006744,0.01541500977124444,
1207,22,RENBTC,0.00001688,0.00001702,0.006424865923529176,
1208,22,POLYBTC,0.00001161,0.00001144,0.018556547709804652,
1209,22,SUSHIBTC,0.00017740,0.00017750,0.04476480512084942,
1210,22,GTOBTC,0.00000069,0.00000068,0.016189026822290464,
1211,22,CRVBTC,0.00004777,0.00004760,0.06626783277142813,
1212,22,SOLBTC,0.00258880,0.00256640,0.03411007221092596,
1213,23,ALPACABTC,0.00001517,0.00001514,0.057954085145071055,
1214,23,MDXBTC,0.00002117,0.00002103,0.005986251466933828,
1215,23,CAKEBTC,0.00032030,0.00031670,0.03354088162327418,
1216,23,REEFBTC,0.00000043,0.00000042,0.0583025556884228,
1217,23,GOBTC,0.00000054,0.00000053,0.01250514689298312,
1218,23,NASBTC,0.00000690,0.00000710,0.06351743896553266,
1219,23,QLCBTC,0.00000056,0.00000054,0.00969113924987263,
1220,23,XVGBTC,0.00000041,0.00000040,9.165731367574073e-05,
1221,23,FUNBTC,0.00000034,0.00000033,0.09272185913015969,
1222,23,QTUMBTC,0.00020580,0.00020500,0.009299386038119906,
1223,23,C98BTC,0.00005836,0.00005857,0.012579875211506376,
1224,23,LINABTC,0.00000086,0.00000087,0.03849440563485566,
1225,23,STMXBTC,0.00000051,0.00000050,0.01030839146778173,
1226,23,TCTBTC,0.00000052,0.00000051,0.0692667413629117,
1227,23,PHBBTC,0.00000016,0.00000015,0.12576929539773027,
1228,23,QKCBTC,0.00000048,0.00000048,0.08998384638277547,
1229,23,CNDBTC,0.00000027,0.00000026,0.09337193617184834,
1230,23,VIBBTC,0.00000094,0.00000093,0.06217976001755697,
1231,23,MTHBTC,0.00000062,0.00000061,7.764423522555863e-05,
1232,23,BAKEBTC,0.00003461,0.00003453,0.04253041924382716,
1233,23,CKBBTC,0.00000027,0.00000026,0.06725750682075589,
1234,23,CELOBTC,0.00009525,0.00009471,0.04535021397528422,
1235,23,VIDTBTC,0.00001652,0.00001634,0.08684115926712803,
1236,23,AVAXBTC,0.00092040,0.00091480,0.04108492641285661,
1237,23,LUNABTC,0.00059780,0.00059530,0.007719908341574991,
1238,23,SANDBTC,0.00001195,0.00001189,0.061300876273229624,
1239,23,SRMBTC,0.00012030,0.00011970,0.02081246681573973,
1240,23,DGBBTC,0.00000084,0.00000083,0.019309897960700134,
1241,23,COSBTC,0.00000037,0.00000036,0.002492864598976308,
1242,23,PIVXBTC,0.00001202,0.00001191,0.010893135865008051,
1243,23,MANABTC,0.00001230,0.00001220,0.020601863847680937,
1244,23,AMBBTC,0.00000059,0.00000058,0.054430949084136156,
1245,23,TRXBTC,0.00000160,0.00000159,0.06546436770923576,
1246,23,IOTABTC,0.00002073,0.00002071,0.03104523302208137,
1247,23,AKROBTC,0.00000054,0.00000054,0.054375211329568796,
1248,23,IDEXBTC,0.00000496,0.00000491,0.08602803679488694,
1249,23,FTTBTC,0.00091780,0.00091410,0.005668371293952683,
1250,23,XTZBTC,0.00011120,0.00011098,0.02946693444907712,
1251,23,ATOMBTC,0.00053530,0.00053230,0.02816081944963449,
1252,23,FETBTC,0.00001204,0.00001225,0.049277528427528576,
1253,23,SCBTC,0.00000030,0.00000029,0.06584255367460635,
1254,23,BTSBTC,0.00000089,0.00000085,0.06984486183096064,
1255,23,WAVESBTC,0.00048430,0.00048130,0.055333230282960805,
1256,23,RADBTC,0.00020360,0.00020270,0.007318897782106055,
1257,23,AVABTC,0.00004757,0.00004776,0.07765937142692896,
1258,23,TKOBTC,0.00003296,0.00003301,0.0674524529140423,
1259,23,DOTBTC,0.00070780,0.00070030,0.0950786923025126,
1260,23,QSPBTC,0.00000098,0.00000097,0.0771416817382852,
1261,23,RAREBTC,0.00003052,0.00003015,0.0010006011029548099,
1262,23,MITHBTC,0.00000083,0.00000081,0.02094242854519378,
1263,23,RSRBTC,0.00000057,0.00000056,0.006711884564106596,
1264,23,YOYOBTC,0.00000039,0.00000038,0.06336238645625356,
1265,23,YGGBTC,0.00010660,0.00010650,0.06451503238288234,
1266,23,MBOXBTC,0.00007244,0.00007195,0.08353317380870376,
1267,23,CLVBTC,0.00002216,0.00002268,0.027550407115337117,
1268,23,SUPERBTC,0.00001150,0.00001153,0.10794608224954665,
1269,23,UNIBTC,0.00042070,0.00042000,0.05316529539600909,
1270,23,BELBTC,0.00004211,0.00004201,0.07867547029438811,
1271,23,JSTBTC,0.00000124,0.00000122,0.02951078615132334,
1272,23,SNXBTC,0.00015870,0.00015840,0.005735223858176082,
1273,23,MDTBTC,0.00000070,0.00000076,0.040215660193697295,
1274,23,LINKBTC,0.00043910,0.00043590,0.018536588929490637,
1275,23,MDABTC,0.00001253,0.00001247,0.00688413372821007,
1276,23,EZBTC,0.00008444,0.00008400,0.07776100835916172,
1277,23,BCDBTC,0.00003780,0.00003745,0.06440346486853883,
1278,23,TRUBTC,0.00000856,0.00000826,0.018463848626987397,
1279,23,BANDBTC,0.00013630,0.00013440,0.00785317482403732,
1280,23,POABTC,0.00000064,0.00000063,0.00024977430560918615,
1281,23,COTIBTC,0.00000815,0.00000807,0.04087312356644307,
1282,23,MINABTC,0.00006799,0.00006762,0.01541500977124444,
1283,23,RENBTC,0.00001698,0.00001691,0.008576550682993895,
1284,23,POLYBTC,0.00001146,0.00001137,0.0414996340246551,
1285,23,SUSHIBTC,0.00017790,0.00017640,0.04476480512084942,
1286,23,GTOBTC,0.00000069,0.00000068,0.016189026822290464,
1287,23,CRVBTC,0.00004801,0.00004779,0.06626783277142813,
1288,23,SOLBTC,0.00256470,0.00255860,0.06580309033775071,
1289,23,FRONTBTC,0.00002054,0.00002042,0.009342622239666431,
1290,24,ALPACABTC,0.00001521,0.00001526,0.10262978289200454,
1291,24,MDXBTC,0.00002110,0.00002116,0.0692807252810852,
1292,24,CAKEBTC,0.00031720,0.00032080,0.024200840044508495,
1293,24,REEFBTC,0.00000043,0.00000042,0.0583025556884228,
1294,24,GOBTC,0.00000054,0.00000052,0.06413932564970551,
1295,24,NASBTC,0.00000780,0.00000700,0.06351743896553266,
1296,24,QLCBTC,0.00000055,0.00000055,0.00969113924987263,
1297,24,XVGBTC,0.00000041,0.00000040,0.07926628020080526,
1298,24,FUNBTC,0.00000035,0.00000034,0.0013130234120522356,
1299,24,QTUMBTC,0.00020500,0.00020530,0.009299386038119906,
1300,24,C98BTC,0.00005839,0.00005862,0.005855667391395936,
1301,24,LINABTC,0.00000088,0.00000087,0.03849440563485566,
1302,24,STMXBTC,0.00000051,0.00000050,0.01030839146778173,
1303,24,TCTBTC,0.00000052,0.00000051,0.06341156638476744,
1304,24,PHBBTC,0.00000016,0.00000015,0.12576929539773027,
1305,24,QKCBTC,0.00000049,0.00000048,0.08998384638277547,
1306,24,CNDBTC,0.00000027,0.00000026,0.08757609882685831,
1307,24,VIBBTC,0.00000095,0.00000094,0.06217976001755697,
1308,24,MTHBTC,0.00000062,0.00000061,0.017236490067275522,
1309,24,BAKEBTC,0.00003458,0.00003427,0.04253041924382716,
1310,24,CKBBTC,0.00000027,0.00000026,0.07889139067820677,
1311,24,CELOBTC,0.00009510,0.00009529,0.06279357940943141,
1312,24,VIDTBTC,0.00001643,0.00001632,0.08684115926712803,
1313,24,AVAXBTC,0.00091990,0.00091730,0.04108492641285661,
1314,24,LUNABTC,0.00059690,0.00059780,0.007719908341574991,
1315,24,SANDBTC,0.00001193,0.00001193,0.061300876273229624,
1316,24,SRMBTC,0.00012010,0.00011990,0.0016843030947377381,
1317,24,DGBBTC,0.00000084,0.00000082,0.019309897960700134,
1318,24,COSBTC,0.00000037,0.00000036,0.002492864598976308,
1319,24,PIVXBTC,0.00001199,0.00001206,0.010893135865008051,
1320,24,MANABTC,0.00001225,0.00001228,0.020601863847680937,
1321,24,AMBBTC,0.00000059,0.00000058,0.054430949084136156,
1322,24,TRXBTC,0.00000160,0.00000160,0.06546436770923576,
1323,24,IOTABTC,0.00002082,0.00002078,0.03104523302208137,
1324,24,AKROBTC,0.00000055,0.00000055,0.054375211329568796,
1325,24,IDEXBTC,0.00000497,0.00000493,0.08602803679488694,
1326,24,FTTBTC,0.00091470,0.00091850,0.0037471146294481383,
1327,24,XTZBTC,0.00011139,0.00011144,0.02946693444907712,
1328,24,ATOMBTC,0.00053430,0.00053690,0.02816081944963449,
1329,24,FETBTC,0.00001229,0.00001216,0.049277528427528576,
1330,24,SCBTC,0.00000030,0.00000029,0.06584255367460635,
1331,24,BTSBTC,0.00000086,0.00000084,0.06984486183096064,
1332,24,WAVESBTC,0.00048350,0.00048370,0.055333230282960805,
1333,24,RADBTC,0.00020430,0.00020360,0.013660131954994447,
1334,24,AVABTC,0.00004780,0.00004787,0.013542649047387277,
1335,24,TKOBTC,0.00003289,0.00003332,0.0674524529140423,
1336,24,DOTBTC,0.00070030,0.00069430,0.0950786923025126,
1337,24,QSPBTC,0.00000098,0.00000097,0.0771416817382852,
1338,24,RAREBTC,0.00002999,0.00002995,0.0010006011029548099,
1339,24,MITHBTC,0.00000082,0.00000081,0.02094242854519378,
1340,24,RSRBTC,0.00000058,0.00000057,0.006711884564106596,
1341,24,YOYOBTC,0.00000039,0.00000038,0.06336238645625356,
1342,24,YGGBTC,0.00010720,0.00010770,0.06451503238288234,
1343,24,MBOXBTC,0.00007233,0.00007255,0.08353317380870376,
1344,24,CLVBTC,0.00002250,0.00002165,0.027550407115337117,
1345,24,SUPERBTC,0.00001167,0.00001155,0.10794608224954665,
1346,24,UNIBTC,0.00042120,0.00042300,0.0039871270955114,
1347,24,BELBTC,0.00004212,0.00004220,0.07867547029438811,
1348,24,JSTBTC,0.00000123,0.00000123,0.02951078615132334,
1349,24,SNXBTC,0.00015820,0.00015820,0.005735223858176082,
1350,24,MDTBTC,0.00000076,0.00000073,0.08391909159054832,
1351,24,LINKBTC,0.00043780,0.00043820,0.018536588929490637,
1352,24,MDABTC,0.00001253,0.00001255,0.00688413372821007,
1353,24,EZBTC,0.00008355,0.00008267,0.07776100835916172,
1354,24,BCDBTC,0.00003755,0.00003715,0.06440346486853883,
1355,24,TRUBTC,0.00000836,0.00000847,0.018463848626987397,
1356,24,BANDBTC,0.00013590,0.00013600,0.00785317482403732,
1357,24,POABTC,0.00000064,0.00000063,0.11141360728901491,
1358,24,COTIBTC,0.00000812,0.00000818,0.04087312356644307,
1359,24,MINABTC,0.00006799,0.00006792,0.016783355354257946,
1360,24,RENBTC,0.00001698,0.00001691,0.008576550682993895,
1361,24,POLYBTC,0.00001144,0.00001146,0.0414996340246551,
1362,24,SUSHIBTC,0.00017690,0.00017760,0.04476480512084942,
1363,24,GTOBTC,0.00000069,0.00000072,0.08976843473566617,
1364,24,CRVBTC,0.00004808,0.00004829,0.06626783277142813,
1365,24,SOLBTC,0.00256210,0.00256860,0.0048994149703371626,
1366,24,FRONTBTC,0.00002060,0.00002065,0.009342622239666431,
